id,xcenter,ycenter,aperture_sum,aper_radius,circular_annulus_inner,circular_annulus_outer,aperture_sum_bkgsub,fluxerr,inst. mag,filter,exptime,dateobs,xcentroid,ycentroid,ra,dec,RAJ2000,DEJ2000,TIC,GAIA,Tmag,Bmag,Vmag,distance,is reference,calib mag
1,15.859534503879134,207.85082346536,156738.77624790737,6.979191848789335,8.979191848789334,10.979191848789334,3839.657486833952,61.964969836464476,-7.213306202284234,Johnson V,5.0,2022-07-02T00:12:09,15.859534503879134,207.85082346536,276.9428315824615,6.507076097079746,276.94267847874,6.50708051901,319710684,4477222347735204480,11.725,14.190,12.782,0.00015218166376616468,True,12.775436106769492
1,25.091142857142856,476.04219047619046,142458.31311738095,6.692254809137084,8.692254809137083,10.692254809137083,2045.5475117042952,45.22772945554856,-6.5295989173127476,Johnson V,5.0,2022-07-02T00:12:09,25.091142857142856,476.04219047619046,276.94076543975905,6.413735011186217,276.94071799962,6.41381623139,319711174,4477172285594781440,12.332,14.954,13.483,9.39106185074205e-05,True,13.418771728495532
1,25.309974618088948,257.63062225094984,181838.72850798874,7.007220109167881,9.007220109167882,11.007220109167882,27720.35176100713,166.4942994850188,-9.3595718316875,Johnson V,5.0,2022-07-02T00:12:09,25.309974618088948,257.63062225094984,276.9397405155598,6.489717779262158,276.93953327328,6.48982661618,319710766,4477173934862326144,10.480,11.153,10.664,0.00023290806308654433,True,10.755903532768963
1,28.1734693877551,964.9683357879234,144782.1836764591,6.746154839616042,8.746154839616043,10.746154839616043,2131.026313506125,46.16304055742131,-6.574047019991628,Johnson V,5.0,2022-07-02T00:12:09,28.1734693877551,964.9683357879234,276.94170237683403,6.243650259995802,276.94150980785,6.24377000242,319712092,4477161183094275712,12.200,15.041,13.516,0.00022579290743616212,True,13.376948204891196
1,38.27643004824259,175.3118883528601,177605.09297788274,6.966420500932286,8.966420500932287,10.966420500932287,25499.795081323857,159.6865526001606,-9.268916715204853,Johnson V,5.0,2022-07-02T00:12:09,38.27643004824259,175.3118883528601,276.9348320604167,6.518303225257059,276.93463035303,6.51833001434,319710628,4477222416454704768,10.438,11.311,10.887,0.00020218606971105237,True,10.841205630621326
1,42.2593682056529,979.497825808927,136186.7732101797,6.521616591359696,8.521616591359695,10.521616591359695,3099.0778016163385,55.6693614263388,-6.9806561872513235,Johnson V,5.0,2022-07-02T00:12:09,42.2593682056529,979.497825808927,276.9368276461592,6.238534815635212,276.93655159987,6.23862860623,319712117,4477161084319849344,12.542,13.799,13.118,0.00028999719448995724,True,12.994348564418692
1,65.73021467478372,904.7167574495354,134371.32400938816,6.511670823776991,8.511670823776992,10.511670823776992,2172.7858033325174,46.613150540727425,-6.595117276641169,Johnson V,5.0,2022-07-02T00:12:09,65.73021467478372,904.7167574495354,276.9283097376779,6.264442428462778,276.92813338765,6.26459007745,319711987,4477161256118581504,12.111,15.142,13.515,0.00022919262482407407,True,13.357122108315195
1,75.80765396119334,211.26627808881048,149882.09387093125,6.735636353010847,8.735636353010847,10.735636353010847,8301.249834425631,91.11119489077964,-8.050433700621419,Johnson V,5.0,2022-07-02T00:12:09,75.80765396119334,211.26627808881048,276.9218413511365,6.505636677430782,276.92176324579,6.50571419012,319710694,4477220934679285248,10.948,13.462,11.986,0.00010968294829090759,True,11.987739454350208
1,76.464563617245,526.7446898002103,130123.18785081967,6.40920278464333,8.40920278464333,10.40920278464333,1991.8815489841072,44.6305002098801,-6.500733760935234,Johnson V,5.0,2022-07-02T00:12:09,76.464563617245,526.7446898002103,276.92298512914306,6.395877131789559,276.92283170360,6.39578738833,319711276,4477172143846921984,12.847,14.592,13.688,0.00017692139612970987,True,13.44593245024376
1,97.24729344729344,317.23361823361824,112867.36012539393,5.9443720396224755,7.9443720396224755,9.944372039622476,2808.512828345745,52.995403841708246,-6.873766018980943,Johnson V,5.0,2022-07-02T00:12:09,97.24729344729344,317.23361823361824,276.9147977844444,6.468677881549422,276.91456115906,6.46889042694,319710880,4477173758755089408,12.583,14.124,13.209,0.0003169486258142739,True,13.094927063978623
1,99.89807968565151,134.66939538617544,610959.0821590145,10.475507979473788,12.475507979473788,14.475507979473788,267470.9635317733,517.1759502642918,-11.82076659465693,Johnson V,5.0,2022-07-02T00:12:09,99.89807968565151,134.66939538617544,276.9130565840256,6.532186177655765,276.91296388536,6.53215390183,319710560,4477222622613176320,8.184,8.674,8.440,9.758874931227441e-05,True,8.440037813874593
1,99.9379042690815,374.83182406209573,137677.08289080253,6.606404136562546,8.606404136562546,10.606404136562546,1775.916436889238,42.14162356731451,-6.376131306263465,Johnson V,5.0,2022-07-02T00:12:09,99.9379042690815,374.83182406209573,276.914107112217,6.448627186417437,276.91401814520,6.44885167189,319710983,4477173316387008384,12.629,15.135,13.730,0.00024126543922404022,True,13.563177358125934
1,109.04148871262966,332.78593218861675,144533.83766853885,6.645655755364016,8.645655755364016,10.645655755364016,7071.335056976473,84.09123055929479,-7.876328528298968,Johnson V,5.0,2022-07-02T00:12:09,109.04148871262966,332.78593218861675,276.91073365144734,6.46321689948279,276.91050503982,6.46335073233,319710905,4477173758758508160,10.920,13.794,12.175,0.00026365179296882304,True,12.151564035049908
1,111.21761658031087,719.5829015544041,121932.2010730397,6.207085407626934,8.207085407626934,10.207085407626934,1844.528435362532,42.947973588547015,-6.417288375971385,Johnson V,5.0,2022-07-02T00:12:09,111.21761658031087,719.5829015544041,276.91162222048797,6.3286427828321905,276.91152515418,6.32845703704,319711639,4477165757244411392,11.297,15.578,13.720,0.00020930572491359577,True,13.524450538021814
1,117.78083790407283,82.31676975142958,166955.34846791805,6.888288522691965,8.888288522691965,10.888288522691965,18705.271377687925,136.767216019366,-8.932485022564133,Johnson V,5.0,2022-07-02T00:12:09,117.78083790407283,82.31676975142958,276.9065528355229,6.550327209807559,276.90653094176,6.55023593863,319710487,4477223447246925952,10.748,11.741,11.170,9.382711246671902e-05,True,11.157771647849572
1,133.39547406448094,126.97253084315997,142028.11891328017,6.6830673655315955,8.683067365531596,10.683067365531596,3224.845899221953,56.78772666009754,-7.02384740541254,Johnson V,5.0,2022-07-02T00:12:09,133.39547406448094,126.97253084315997,276.9012831263427,6.534723723810391,276.90125042775,6.53464609074,319710547,4477221213863917568,12.615,13.757,13.132,8.415606848231003e-05,True,12.953707708602726
1,143.58061401815021,241.56420158331724,131523.0898714848,6.408416844740418,8.408416844740419,10.408416844740419,3723.771480165611,61.02271282207643,-7.1800325426854705,Johnson V,5.0,2022-07-02T00:12:09,143.58061401815021,241.56420158331724,276.8982281413515,6.494809125005166,276.89814092391,6.49485621507,319710739,4477220801547011456,12.454,13.505,12.929,9.862569966038159e-05,True,12.806745017696137
1,173.04223789632266,655.6252824762036,157112.80961326195,6.800348741606878,8.800348741606879,10.800348741606879,13194.635925450682,114.86790642059549,-8.553568517659036,Johnson V,5.0,2022-07-02T00:12:09,173.04223789632266,655.6252824762036,276.88969891888894,6.350623209117095,276.88958694165,6.35051820151,319711513,4477166032122373504,10.191,13.136,11.483,0.00015301008838909994,True,11.514313826971657
1,180.40028770442157,75.72241570765193,144767.77321412484,6.617951798376674,8.617951798376673,10.617951798376673,8292.486261339538,91.0630894563738,-8.049286890835807,Johnson V,5.0,2022-07-02T00:12:09,180.40028770442157,75.72241570765193,276.8845771102359,6.552359124443764,276.88450760071,6.55237058830,319339484,4477222034190908416,11.512,14.467,12.049,7.000057474869758e-05,True,11.988818547117898
1,192.54093816516811,88.7023853565167,274524.83353781217,7.746861869308007,9.746861869308006,11.746861869308006,87247.6777214728,295.37717874181277,-10.60445967949381,Johnson V,5.0,2022-07-02T00:12:09,192.54093816516811,88.7023853565167,276.8803814005152,6.547791365245372,276.88027302534,6.54778929095,319339461,4477222038497680384,9.309,9.968,9.591,0.00010768823285960115,True,9.58452403286929
1,210.1385243114587,803.87500850051,134916.85584912446,6.530983529048056,8.530983529048056,10.530983529048056,2476.4743907209777,49.76418783343075,-6.737159592390957,Johnson V,5.0,2022-07-02T00:12:09,210.1385243114587,803.87500850051,276.8773223421747,6.298885784478886,276.87722065223,6.29895995847,319338206,4477165306258486144,12.235,14.780,13.347,0.0001253720371562589,True,13.22346713121764
1,219.20260887860297,90.7980223017042,156215.9983351562,6.815571581384093,8.815571581384093,10.815571581384093,12021.92418380917,109.64453558572433,-8.452509951074349,Johnson V,5.0,2022-07-02T00:12:09,219.20260887860297,90.7980223017042,276.8710467293875,6.5469496249808286,276.87095999963,6.54695633390,319339460,4477221999831170560,11.263,11.773,11.330,8.642496187087257e-05,True,11.609405070247226
1,240.22745510754456,662.6421101098467,142931.95172356872,6.722921981130678,8.722921981130678,10.722921981130678,2550.411484692042,50.50159883302747,-6.76910062761165,Johnson V,5.0,2022-07-02T00:12:09,240.22745510754456,662.6421101098467,276.8661928746707,6.347888172644679,276.86612115164,6.34776661334,319338460,4477166062177120768,12.706,14.140,13.428,0.00014091832046250077,True,13.1934121556397
1,249.8312246884124,19.092675729130693,152274.46572876652,6.863231923708312,8.863231923708312,10.863231923708312,6292.588761824911,79.3258391813469,-7.749648364966767,Johnson V,5.0,2022-07-02T00:12:09,249.8312246884124,19.092675729130693,276.8599821618555,6.571772798670126,276.86001202950,6.57171364505,319339577,4477222309068813824,11.834,11.911,12.417,6.617811117269963e-05,True,12.270763966700596
1,252.60460287752954,759.5979939174173,162342.21929238405,6.754212659205738,8.754212659205738,10.754212659205738,20641.628490486328,143.67194747231042,-9.039434882465137,Johnson V,5.0,2022-07-02T00:12:09,252.60460287752954,759.5979939174173,276.8622637078094,6.31410195867627,276.86217429493,6.31404552786,319338285,4477165379287325824,9.983,12.582,11.012,0.00010527299031118018,True,11.057136981340506
1,256.69731167450277,503.983928386597,243805.91999413553,7.708132727698582,9.708132727698583,11.708132727698583,58953.90720005767,242.80425696444794,-10.178856472839202,Johnson V,5.0,2022-07-02T00:12:09,256.69731167450277,503.983928386597,276.85974479944355,6.403017382170534,276.85962971095,6.40298614383,319338729,4477167230408221824,9.774,10.347,10.070,0.00011855995782432204,True,9.984996149490305
1,261.3643031223178,970.1463277107528,310712.8851166335,8.251314691155722,10.251314691155722,12.251314691155722,98610.10588992384,314.0224608048345,-10.737378552053672,Johnson V,5.0,2022-07-02T00:12:09,261.3643031223178,970.1463277107528,276.8600592341168,6.240815347564127,276.85993199159,6.24081847563,319337909,4477160431484906240,9.277,9.718,9.511,0.0001265271315869744,True,9.459453776347175
1,271.40818102698,430.2393385552655,131854.70069904186,6.459232845374645,8.459232845374645,10.459232845374645,2583.304507859866,50.82621870511189,-6.783013993645371,Johnson V,5.0,2022-07-02T00:12:09,271.40818102698,430.2393385552655,276.8542696489856,6.42861248070845,276.85413412931,6.42862402157,319338868,4477214273196681600,10.374,15.271,13.814,0.00013516115889748942,True,13.180320348393593
1,285.98528058877645,552.3894510886231,139879.01976027238,6.6436128079851615,8.64361280798516,10.64361280798516,2894.0546004065836,53.796418100154064,-6.906341790249844,Johnson V,5.0,2022-07-02T00:12:09,285.98528058877645,552.3894510886231,276.8496920961705,6.386047432318157,276.84959839752,6.38612370804,319338654,4477166925475770880,12.689,14.145,13.233,0.00012036946191195457,True,13.06427483235386
1,286.2616264913562,45.34441197954712,132684.0670351573,6.467274767452757,8.467274767452757,10.467274767452757,3185.8419636283943,56.443263226255745,-7.0106355603004245,Johnson V,5.0,2022-07-02T00:12:09,286.2616264913562,45.34441197954712,276.84733420966484,6.562483173844737,276.84715942580,6.56241284522,319339534,4477222279015897728,12.404,13.861,13.062,0.0001873405985548544,True,12.966139418453098
1,313.46672413010936,249.34024406841175,171023.42943597527,6.803565840023372,8.80356584002337,10.80356584002337,14771.221318225202,121.536913397639,-8.676116002293826,Johnson V,5.0,2022-07-02T00:12:09,313.46672413010936,249.34024406841175,276.83872876139674,6.491377792183401,276.83871375716,6.49130012596,319339189,4477221385662621184,10.521,11.228,10.772,7.908408203074655e-05,True,11.399002546908621
1,318.2573113207547,693.1887578616352,138538.69400601834,6.635351489576488,8.635351489576488,10.635351489576488,2106.0073940240836,45.89125618267693,-6.561224718223581,Johnson V,5.0,2022-07-02T00:12:09,318.2573113207547,693.1887578616352,276.83898609837127,6.336916464099362,276.83887074744,6.33677325465,319338396,4477165654165288576,12.661,14.714,13.548,0.00018344668977619312,True,13.389013373218678
1,319.09993654822335,870.8503595600677,129916.60394271548,6.426637112179726,8.426637112179726,10.426637112179726,1886.6738790043164,43.43585936762753,-6.441817080869182,Johnson V,5.0,2022-07-02T00:12:09,319.09993654822335,870.8503595600677,276.8394319845208,6.275101087123337,276.83942364985,6.27509341812,319338077,4477163695660120064,12.935,14.585,13.653,1.1289394614785535e-05,True,13.501370208233874
1,323.16317649510887,240.9484112714638,294885.22435663996,8.212457020703386,10.212457020703386,12.212457020703386,74657.30466211177,273.23488917433616,-10.435255755724004,Johnson V,5.0,2022-07-02T00:12:09,323.16317649510887,240.9484112714638,276.8352927483514,6.4942562803885995,276.83528154109,6.49421524038,319339206,4477221381355884672,9.389,9.844,9.596,4.252385518578413e-05,True,9.743736774768733
1,324.418954248366,472.7699346405229,121408.61100821223,6.215773759353236,8.215773759353237,10.215773759353237,1547.2274239163235,39.33481185815338,-6.226460375368018,Johnson V,5.0,2022-07-02T00:12:09,324.418954248366,472.7699346405229,276.8358806891334,6.413582944657544,276.83584763914,6.41376831116,319338790,4477214238836944384,12.836,15.054,14.015,0.00018825358500237213,True,13.704010494613506
1,338.22595520421606,410.100790513834,139103.56177992182,6.626178152201682,8.626178152201682,10.626178152201682,2947.7549972282723,54.29323159684154,-6.926303449870407,Johnson V,5.0,2022-07-02T00:12:09,338.22595520421606,410.100790513834,276.8307678229858,6.43532939811034,276.83063282671,6.43543407770,319338898,4477214341916195200,11.881,15.564,13.068,0.00017015543460361705,True,13.045491872182222
1,351.4805736915338,404.1462057155089,132533.37969828676,6.45606883338918,8.45606883338918,10.45606883338918,3264.4264361846435,57.1351593695567,-7.037092204732898,Johnson V,5.0,2022-07-02T00:12:09,351.4805736915338,404.1462057155089,276.826096851948,6.437343644738443,276.82595850851,6.43739739404,319338906,4477214337605893888,12.392,14.002,13.011,0.00014760526281676833,True,12.941244990429766
1,363.1495406061886,37.72922167071496,145097.9611389793,6.692126170851817,8.692126170851818,10.692126170851818,5911.572431031003,76.88675068586917,-7.681832526933803,Johnson V,5.0,2022-07-02T00:12:09,363.1495406061886,37.72922167071496,276.8203479982018,6.564806255630976,276.82032962616,6.56481495395,319339544,4477225130874215936,11.995,12.857,12.456,2.021833091190562e-05,True,12.334575403674867
1,370.28048093180536,227.5806875821905,148686.30057154328,6.6193226361178406,8.61932263611784,10.61932263611784,12819.77847123862,113.22446056943093,-8.522276290504255,Johnson V,5.0,2022-07-02T00:12:09,370.28048093180536,227.5806875821905,276.8187190273395,6.498704895685593,276.81867992282,6.49868181268,319339235,4477221454382131584,9.623,13.480,11.598,4.51929226260174e-05,True,11.543758305411949
1,387.0879775674728,90.49912372940764,137982.24548401742,6.615927581220594,8.615927581220594,10.615927581220594,2472.782398128009,49.727079123230325,-6.735539740788809,Johnson V,5.0,2022-07-02T00:12:09,387.0879775674728,90.49912372940764,276.8122011566844,6.546338649369027,276.81212166603,6.54641930575,319339457,4477225092204778240,11.133,15.368,13.424,0.00011288085113207474,True,13.224991333548783
1,390.91516207584226,170.073930389931,887031.7135199008,13.109557305865977,15.109557305865977,17.109557305865977,350447.2792483672,591.985877575105,-12.114131720710697,Johnson V,5.0,2022-07-02T00:12:09,390.91516207584226,170.073930389931,276.81122515753555,6.5186286332094845,276.81121617643,6.51860082670,319339331,4477221660540593536,8.164,8.243,8.180,2.92031276593683e-05,True,8.16399536133526
1,399.4661499886027,624.3423751994529,124305.292139806,6.272052832990364,8.272052832990365,10.272052832990365,2541.658423408793,50.41486312000453,-6.765367951089286,Johnson V,5.0,2022-07-02T00:12:09,399.4661499886027,624.3423751994529,276.8102411235469,6.360511221879399,276.81021481197,6.36038228488,319338513,4477166684957503488,12.741,14.143,13.353,0.00013156197176218906,True,13.196924424448298
1,408.8674858352106,291.7746194279473,296407.05445905484,8.216436206297743,10.216436206297743,12.216436206297743,86445.63088536932,294.0163786005285,-10.59443260954903,Johnson V,5.0,2022-07-02T00:12:09,408.8674858352106,291.7746194279473,276.805484872807,6.476197770877315,276.80548359224,6.47612811590,319339110,4477221248223688448,9.386,10.023,9.788,6.966659784383518e-05,True,9.593959022694337
1,410.3351858116271,679.7451312037887,129034.11072279056,6.35152139466192,8.35152139466192,10.35152139466192,3664.6486336826492,60.536341429612754,-7.162655841263128,Johnson V,5.0,2022-07-02T00:12:09,410.3351858116271,679.7451312037887,276.8066698737081,6.341185022597899,276.80667334687,6.34111667442,319338416,4477166371414766464,10.659,14.638,13.099,6.843529150588035e-05,True,12.823095656717861
1,410.8128331480687,450.30984411515,165125.42698442965,6.824300180180006,8.824300180180007,10.824300180180007,20141.875155587506,141.92207423648904,-9.012824738593642,Johnson V,5.0,2022-07-02T00:12:09,410.8128331480687,450.30984411515,276.8055087187586,6.4210197296587905,276.80545250761,6.42106385432,319338837,4477214204477252224,10.550,11.353,10.845,7.11839956775644e-05,True,11.082175844942057
1,410.85123426516265,586.4999182605852,126566.81070127945,6.3210397572659005,8.3210397572659,10.3210397572659,2431.240498454601,49.3076109587009,-6.717144792670606,Johnson V,5.0,2022-07-02T00:12:09,410.85123426516265,586.4999182605852,276.80608908436756,6.3736285353087325,276.80605684543,6.37362002482,319338580,4477166753677002880,12.905,13.964,13.376,3.3150702112602805e-05,True,13.242300093663479
1,444.976627888614,512.7643838500816,139715.95128128066,6.6373448393148395,8.637344839314839,10.637344839314839,3248.213535686693,56.9931007726961,-7.031686418601657,Johnson V,5.0,2022-07-02T00:12:09,444.976627888614,512.7643838500816,276.793810940513,6.399135652911111,276.79382650518,6.39914771536,319338705,4477213787853710720,11.409,14.806,12.985,1.9615101081632906e-05,True,12.94633157478846
1,453.136436675269,116.74874616545746,148908.48520851927,6.740354375740673,8.740354375740672,10.740354375740672,8013.066010679526,89.51573052083933,-8.012071790214396,Johnson V,5.0,2022-07-02T00:12:09,453.136436675269,116.74874616545746,276.7891703027224,6.536918399588812,276.78909570088,6.53737804611,319339422,4477224679890764160,11.336,13.026,11.999,0.0004655837459270482,True,12.023836164191952
1,458.5207509881423,569.6408102766799,124378.36719786187,6.278519149706824,8.278519149706824,10.278519149706824,2179.3293506052287,46.683287701330855,-6.598382158788719,Johnson V,5.0,2022-07-02T00:12:09,458.5207509881423,569.6408102766799,276.7893127666646,6.379283398756603,276.78920481068,6.37940963214,319338613,4477213684774497024,11.911,15.175,13.428,0.00016566677428230672,True,13.354050011480155
1,465.33305369127515,468.8020134228188,134516.99318600516,6.521118282073583,8.521118282073584,10.521118282073584,2783.498073704395,52.758867251907475,-6.86405230189332,Johnson V,5.0,2022-07-02T00:12:09,465.33305369127515,468.8020134228188,276.7864844526328,6.4143441346662105,276.78640979835,6.41439076871,319338798,4477214376275956096,12.847,13.918,13.293,8.762668791567419e-05,True,13.104067203858946
1,467.33069021445306,42.10848801585871,141249.25227285398,6.703199486436375,8.703199486436375,10.703199486436375,2160.3501497607213,46.47956701348154,-6.5888853575287705,Johnson V,5.0,2022-07-02T00:12:09,467.33069021445306,42.10848801585871,276.78384779654493,6.5628351991626435,276.78375824565,6.56276120324,319339537,4477224989128407424,11.968,15.036,13.402,0.00011571518864130444,True,13.362986044015235
1,478.07610663156163,321.6579726838901,132413.7657322528,6.478512387010816,8.478512387010817,10.478512387010817,2562.25560977048,50.61872785610559,-6.7741311207685655,Johnson V,5.0,2022-07-02T00:12:09,478.07610663156163,321.6579726838901,276.7813631527854,6.465495411923585,276.78135741018,6.46544946891,319339057,4477215407068775936,12.690,14.265,13.364,4.629600270556488e-05,True,13.188678703892396
1,486.0430335777692,510.8633732149749,133310.94037371548,6.5152934062760846,8.515293406276085,10.515293406276085,1543.612084636261,39.288829005663445,-6.2239204139574245,Johnson V,5.0,2022-07-02T00:12:09,486.0430335777692,510.8633732149749,276.7794118735123,6.399615047033755,276.77940256766,6.39968538499,319338709,4477213757800654592,12.319,16.422,13.763,7.094329477542281e-05,True,13.70640047595371
1,487.38076010700047,774.2257103921668,131335.08688293584,6.423131731423092,8.42313173142309,10.42313173142309,3595.992808598312,59.966597440561124,-7.142122025518997,Johnson V,5.0,2022-07-02T00:12:09,487.38076010700047,774.2257103921668,276.7800771372175,6.307963923314962,276.78002917387,6.30789981972,319338250,4477164756507064448,12.339,13.788,13.022,7.988731151396557e-05,True,12.842416988241641
1,504.1793975768114,115.05940590058745,787457.7712376519,12.085188835537437,14.085188835537437,16.085188835537437,333667.27711611433,577.6394005918522,-12.0608590324321,Johnson V,5.0,2022-07-02T00:12:09,504.1793975768114,115.05940590058745,276.7712696398383,6.537285085765157,276.77122050966,6.53726886426,319339418,4477224649837896320,7.414,8.965,8.200,5.143563887003326e-05,True,8.214122394918292
1,518.0170648464164,725.3259385665528,129986.60082803378,6.408144189022498,8.408144189022497,10.408144189022497,2787.587124500322,52.79760529134178,-6.865646113917917,Johnson V,5.0,2022-07-02T00:12:09,518.0170648464164,725.3259385665528,276.7691356192661,6.324841373133945,276.76916331003,6.32477025659,319338339,4477165031380699264,12.475,14.271,13.269,7.62563795312346e-05,True,13.102567503515985
1,519.78184110971,163.97183690626315,115631.33936874307,6.034047149002891,8.034047149002891,10.034047149002891,2977.274259689555,54.56440469472342,-6.937122095917484,Johnson V,5.0,2022-07-02T00:12:09,519.78184110971,163.97183690626315,276.76602636960945,6.520193137788809,276.76611569993,6.52037503661,319339343,4477224546758666880,12.580,14.114,13.255,0.00020239611806297208,True,13.03531204737427
1,526.0573335658868,418.68892189928215,322490.25087278045,8.45540590745836,10.45540590745836,12.45540590745836,100274.69109441101,316.66179291858214,-10.755553321087124,Johnson V,5.0,2022-07-02T00:12:09,526.0573335658868,418.68892189928215,276.76498131943316,6.431515000040516,276.76490935057,6.43153763127,319338881,4477214822952598528,9.264,9.763,9.434,7.501133049314959e-05,True,9.442352194145442
1,539.0735763363224,873.5750320251543,252348.31270998187,7.756226052278592,9.756226052278592,11.756226052278592,65521.57782558078,255.97183014070276,-10.293535856976925,Johnson V,5.0,2022-07-02T00:12:09,539.0735763363224,873.5750320251543,276.76238407000216,6.273159402883486,276.76239510119,6.27343631133,414959372,4477163489501773184,9.320,10.545,9.903,0.00027712546236610593,True,9.877088372997214
1,539.3433994334277,548.1654390934845,129936.74524674614,6.397861422841772,8.397861422841771,10.397861422841771,3190.264606738754,56.482427415425,-7.012141753605926,Johnson V,5.0,2022-07-02T00:12:09,539.3433994334277,548.1654390934845,276.76089709485757,6.3863961839330265,276.76090478887,6.38639830155,414958926,4477213856573188224,12.643,13.741,13.146,7.934083890205614e-06,True,12.964722163104305
1,545.1446763315041,477.23211505323127,457876.9919959631,9.714405042730444,11.714405042730444,13.714405042730444,164155.71362426807,405.1613427071592,-11.29071499775096,Johnson V,5.0,2022-07-02T00:12:09,545.1446763315041,477.23211505323127,276.7585518099543,6.4110559824829725,276.75852279584,6.41110333874,414958836,4477214032678596224,8.781,9.217,9.043,5.544310545608096e-05,True,8.938790834557418
1,556.5089986322079,813.8502267655316,133954.6966653614,6.463417327667045,8.463417327667045,10.463417327667045,4589.461872414293,67.745567179073,-7.4069794047777044,Johnson V,5.0,2022-07-02T00:12:09,556.5089986322079,813.8502267655316,276.756024692028,6.2938624484176735,276.75611564846,6.29379836050,414959294,4477164692092649728,11.681,13.888,12.650,0.00011081925269194488,True,12.593198952249475
1,563.8022189033497,350.2080221890335,146098.9642346754,6.786365124276451,8.78636512427645,10.78636512427645,3392.616047765594,58.24616766591253,-7.078911769298345,Johnson V,5.0,2022-07-02T00:12:09,563.8022189033497,350.2080221890335,276.75144537774906,6.455181077183767,276.75116905486,6.45512275292,414958653,4477215471480887552,11.791,14.521,13.106,0.00028069730895156924,True,12.901894794576368
1,564.135546255641,459.3890756494695,322329.58579552686,8.452347127229348,10.452347127229348,12.452347127229348,99728.12099852707,315.79759498534355,-10.749619080336856,Johnson V,5.0,2022-07-02T00:12:09,564.135546255641,459.3890756494695,276.7518171026368,6.417181073942045,276.75179677893,6.41723309977,414958808,4477214788592854784,9.197,9.649,9.421,5.5808422263792216e-05,True,9.44793602884556
1,564.8831478537361,975.6164546899842,123186.78625171226,6.255317038828711,8.25531703882871,10.25531703882871,2040.305383337749,45.16973968640675,-6.526812927789054,Johnson V,5.0,2022-07-02T00:12:09,564.8831478537361,975.6164546899842,276.75376577964346,6.237534840386669,276.75396495263,6.23754835107,414959529,4477163283343306880,12.955,14.260,13.554,0.00019845431465613663,True,13.421393210439259
1,564.985554495335,183.63589376590332,147508.64052679983,6.712760083114803,8.712760083114803,10.712760083114803,8131.116168807843,90.17270190477738,-8.027950403785267,Johnson V,5.0,2022-07-02T00:12:09,564.985554495335,183.63589376590332,276.7502710600661,6.51315116948516,276.75017208223,6.51318796315,414958426,4477218739962890880,11.595,12.796,12.116,0.00010499683568056791,True,12.008895153677209
1,594.4039900249377,854.1982543640897,139192.80739465723,6.618794289594795,8.618794289594796,10.618794289594796,3554.4162394890445,59.61892517891483,-7.129495700286927,Johnson V,5.0,2022-07-02T00:12:09,594.4039900249377,854.1982543640897,276.74291768953594,6.2796492320269754,276.74310533264,6.27961489987,414959344,4477164279775784832,11.840,14.364,13.001,0.000189650660385276,True,12.854297752088742
1,598.9650593990217,149.55835080363383,129613.42979326642,6.37510406106015,8.37510406106015,10.37510406106015,3863.2007120972266,62.15465157248673,-7.219943170272607,Johnson V,5.0,2022-07-02T00:12:09,598.9650593990217,149.55835080363383,276.7382015709041,6.524863250071375,276.73809700613,6.52488631978,414958385,4477218946121345408,11.295,14.501,12.753,0.0001064181254806502,True,12.769191039587922
1,606.3921710161021,670.7712937257079,123713.01981835038,6.239592199735278,8.239592199735277,10.239592199735277,3167.385837219219,56.27953302239828,-7.0043274153262844,Johnson V,5.0,2022-07-02T00:12:09,606.3921710161021,670.7712937257079,276.73793482169015,6.343426380633812,276.73802567562,6.34336103922,414959095,4477212039813706624,11.900,14.542,13.074,0.00011145928307714284,True,12.97207507901732
1,611.0220572016764,526.0229394897434,135130.15009133957,6.532120413376882,8.532120413376882,10.532120413376882,2987.388367065141,54.65700656883014,-6.940804202942967,Johnson V,5.0,2022-07-02T00:12:09,611.0220572016764,526.0229394897434,276.7356799950702,6.393780706648604,276.73568199435,6.39386033590,414958893,4477213895239645568,12.029,14.747,13.241,7.965403459706738e-05,True,13.031847362026358
1,622.0448229113709,318.5591764107778,169628.58129367855,6.872372887485108,8.872372887485108,10.872372887485108,23043.02297937774,151.79928517413296,-9.15892362147437,Johnson V,5.0,2022-07-02T00:12:09,622.0448229113709,318.5591764107778,276.730887309866,6.465937918768967,276.73081211783,6.46597557538,414958614,4477215544507181568,10.615,11.517,10.983,8.366697414346924e-05,True,10.944703833574687
1,626.1976194358389,53.06163378444481,145249.15721414654,6.670732299359456,8.670732299359457,10.670732299359457,7215.2665029242635,84.94272483811821,-7.89820593120286,Johnson V,5.0,2022-07-02T00:12:09,626.1976194358389,53.06163378444481,276.72820299933863,6.558332603775438,276.72815520978,6.55827376022,414958238,4477225676323175040,11.572,12.943,12.176,7.560828974892511e-05,True,12.130978452727916
1,630.8813833891975,654.3468016046467,248526.8178276294,7.739036938117762,9.739036938117762,11.739036938117762,62475.74891176884,249.95149311770243,-10.241853666214165,Johnson V,5.0,2022-07-02T00:12:09,630.8813833891975,654.3468016046467,276.72928203681124,6.349031266378905,276.72931403714,6.34904136716,414959070,4477212005453986688,9.753,10.232,9.900,3.336950755889159e-05,True,9.925718825030367
1,636.7314578882279,265.1623825577149,773669.9414865689,12.024528480599578,14.024528480599578,16.024528480599578,324088.8580053533,569.2880272808777,-12.029235240375382,Johnson V,5.0,2022-07-02T00:12:09,636.7314578882279,265.1623825577149,276.72549545363904,6.484458162781396,276.72543092940,6.48441169918,414958533,4477218529497600640,8.048,8.476,8.264,7.917792787009358e-05,True,8.243878859960187
1,639.2393992079591,889.4797160243407,133417.07704217962,6.373997648128813,8.373997648128814,10.373997648128814,7474.022436568717,86.45242874881374,-7.936460982264096,Johnson V,5.0,2022-07-02T00:12:09,639.2393992079591,889.4797160243407,276.7273572477449,6.267166031033572,276.72753862295,6.26719829341,414959403,4477164172391513216,11.140,13.156,12.102,0.00018315510670680277,True,12.09498229238326
1,653.3066068728576,440.9558473120493,1657041.6194113027,18.270487993843588,20.270487993843588,22.270487993843588,615881.0694227777,784.7809053632598,-12.726317127200257,Johnson V,5.0,2022-07-02T00:12:09,653.3066068728576,440.9558473120493,276.72048185576864,6.42319749719104,276.72038740288,6.42332953053,1676835570,4477214749926383104,7.710,,7.771,0.00016199535853637028,True,7.5879583821300525
1,655.7684739644789,543.7894619390723,555075.1413106233,10.684017178990567,12.684017178990567,14.684017178990567,200270.82672163256,447.5162865434425,-11.506619215656897,Johnson V,5.0,2022-07-02T00:12:09,655.7684739644789,543.7894619390723,276.7200763152091,6.387395673824925,276.72010124340,6.38747426315,414958923,4477212417771533184,8.572,8.954,8.753,8.240149028666156e-05,True,8.735635365377968
1,672.7609534425105,750.0836834433679,149050.55425169226,6.656695883402735,8.656695883402735,10.656695883402735,11779.256388703507,108.53228270290599,-8.430369676137373,Johnson V,5.0,2022-07-02T00:12:09,672.7609534425105,750.0836834433679,276.71501977591606,6.31552228708197,276.71507986073,6.31539873192,414959193,4477211520110982912,10.740,13.316,11.537,0.00013723111046672155,True,11.630238002490092
1,676.0895101863892,441.7769830949285,151822.40808421286,6.920889618233223,8.920889618233222,10.920889618233222,2676.445868767507,51.73437801662939,-6.821471149619327,Johnson V,5.0,2022-07-02T00:12:09,676.0895101863892,441.7769830949285,276.71250007775467,6.4228092951675855,276.71251030198,6.42292551998,414958778,4477214960391598720,11.999,,13.194,0.00011666804903768783,True,13.14413401706124
1,684.9493026762156,938.4621183565774,126474.31129648676,6.344417395887077,8.344417395887078,10.344417395887078,1875.8224874077714,43.31076641445833,-6.435554333879942,Johnson V,5.0,2022-07-02T00:12:09,684.9493026762156,938.4621183565774,276.71154735089516,6.249909484732958,276.71161542609,6.24991042512,414959476,4476788757890283392,12.060,15.365,13.504,6.76771243216357e-05,True,13.507263151481077
1,685.1878453038674,528.2282458563536,141184.03192437376,6.720331374725734,8.720331374725735,10.720331374725735,1347.0914894869493,36.702744985722106,-6.076067720171261,Johnson V,5.0,2022-07-02T00:12:09,685.1878453038674,528.2282458563536,276.7096966670573,6.392678625752427,276.70961255798,6.39277295558,414958902,4477213173685169408,12.778,16.577,13.930,0.00012603472223163094,True,13.845522738903941
1,704.9082462253194,415.9233449477352,128322.14528310834,6.387000393611887,8.387000393611887,10.387000393611887,2076.406011458341,45.567598263001976,-6.545855683025334,Johnson V,5.0,2022-07-02T00:12:09,704.9082462253194,415.9233449477352,276.70228248288805,6.431678251765427,276.70221843662,6.43165421806,414958739,4477215029111094912,12.656,14.788,13.544,6.802993626691927e-05,True,13.403474895030612
1,719.4305716391199,937.8710390567428,135265.3074515716,6.468651597611611,8.468651597611611,10.468651597611611,5586.468135538002,74.74267947791276,-7.620418304039593,Johnson V,5.0,2022-07-02T00:12:09,719.4305716391199,937.8710390567428,276.69946373229584,6.249955180223458,276.69941020967,6.24996061145,414959474,4476788830913227776,12.083,13.043,12.518,5.348100668327607e-05,True,12.392363229162372
1,722.6427030913012,211.1689432063264,124141.02697480761,6.235025087836806,8.235025087836807,10.235025087836807,3118.7447397873766,55.84572266331036,-6.987524565329524,Johnson V,5.0,2022-07-02T00:12:09,722.6427030913012,211.1689432063264,276.6951289831552,6.502870321603424,276.69505654568,6.50288148639,414958465,4477218838735244928,12.320,13.744,12.929,7.283226255183333e-05,True,12.987885751489365
1,727.6701457501691,653.1453523069374,210721.6183069746,7.33852532978525,9.33852532978525,11.33852532978525,43554.10404035487,208.69620034958677,-9.85014769969495,Johnson V,5.0,2022-07-02T00:12:09,727.6701457501691,653.1453523069374,276.6953577104678,6.349008402072092,276.69539522237,6.34899175283,414959071,4477212245972190976,10.005,10.705,10.346,4.083053110646853e-05,True,10.29429527147696
1,749.0127995078141,492.0790841062747,240143.6732926428,7.682730449164221,9.682730449164222,11.682730449164222,55776.352500065055,236.17017699122187,-10.118700264483005,Johnson V,5.0,2022-07-02T00:12:09,749.0127995078141,492.0790841062747,276.6871652141011,6.404971337912856,276.68714080250,6.40503936052,414958855,4477213444256326528,9.862,10.312,10.044,7.221900884570926e-05,True,10.041600243894724
1,753.3547671840355,642.6634146341463,132139.93888158508,6.469274553536423,8.469274553536422,10.469274553536422,2564.9205037431093,50.645044217012085,-6.775259762369483,Johnson V,5.0,2022-07-02T00:12:09,753.3547671840355,642.6634146341463,276.68631032645095,6.352539013956041,276.68636992595,6.35266751896,414959056,4477212245972204800,12.217,14.760,13.326,0.00014149964297154816,True,13.187616706511363
1,766.3919031719532,94.85517529215359,143237.04690763087,6.761922923678911,8.761922923678911,10.761922923678911,1330.1008942675544,36.470548313228775,-6.062286452783909,Johnson V,5.0,2022-07-02T00:12:09,766.3919031719532,94.85517529215359,276.679245547755,6.543165663069988,276.67916379962,6.54310741738,414958302,4477220011263315712,12.967,15.409,13.603,9.99426994229152e-05,True,13.858490247686863
1,770.8469149763234,107.83249699625415,143730.13860638678,6.684704331078547,8.684704331078546,10.684704331078546,5137.098644865007,71.6735561058959,-7.529369752463015,Johnson V,5.0,2022-07-02T00:12:09,770.8469149763234,107.83249699625415,276.67774475666766,6.538628152143107,276.67780111952,6.53865499923,414958322,4477219697728700544,10.809,14.245,12.364,6.209946549594468e-05,True,12.478035530486785
1,779.3718773656321,321.8367398435529,137721.37211001455,6.4284060692929526,8.428406069292953,10.428406069292953,9831.090432855199,99.15185541811711,-8.234079216778836,Johnson V,5.0,2022-07-02T00:12:09,779.3718773656321,321.8367398435529,276.67575169869036,6.464092725498347,276.67573904179,6.46429979580,414958620,4477218258926569984,11.036,12.517,11.823,0.0002074518654773609,True,11.814937869649736
1,787.4579398198989,302.93388974302655,134764.58531340474,6.555312317022878,8.555312317022878,10.555312317022878,1702.793918321142,41.264923583124954,-6.330480215126885,Johnson V,5.0,2022-07-02T00:12:09,787.4579398198989,302.93388974302655,276.6728300831252,6.470636387733022,276.67274963472,6.47058648243,414958595,4477218258926580096,12.672,15.077,13.711,9.423530382158833e-05,True,13.606132835922324
1,799.002467917078,182.40325765054294,127769.31657456033,6.380672464839244,8.380672464839243,10.380672464839243,1818.9539916621434,42.64919684662471,-6.402129274724172,Johnson V,5.0,2022-07-02T00:12:09,799.002467917078,182.40325765054294,276.66822321981897,6.512542737336718,276.66825563863,6.51253232749,414958431,4477219220999308032,12.376,15.221,13.545,3.385002465396603e-05,True,13.538714522098115
1,799.674336514577,942.7414041051118,129916.76241634172,6.395859026587873,8.395859026587873,10.395859026587873,3325.8897205270478,57.670527312718825,-7.057344601247997,Johnson V,5.0,2022-07-02T00:12:09,799.674336514577,942.7414041051118,276.6713681087342,6.2478860635886555,276.67152280832,6.24785621803,414959483,4476788899632712064,12.467,13.780,13.054,0.0001566501519694538,True,12.922188460844849
1,803.788782987691,92.52727621054649,140014.00746694018,6.512739297885416,8.512739297885416,10.512739297885416,8512.716612822609,92.26438431389768,-8.077745429232003,Johnson V,5.0,2022-07-02T00:12:09,803.788782987691,92.52727621054649,276.6661218297165,6.543809623017518,276.66614384173,6.54382712882,414958296,4477219903887130368,10.963,13.248,11.931,2.8012300987056753e-05,True,11.962040433303745
1,803.8926578270334,976.1391648525629,142886.1862257077,6.659910357539753,8.659910357539754,10.659910357539754,5343.811071146454,73.10137530270175,-7.5722027276261175,Johnson V,5.0,2022-07-02T00:12:09,803.8926578270334,976.1391648525629,276.6700303982965,6.236243162515981,276.67034926403,6.23632660641,414959538,4476788899632708224,11.200,13.923,12.379,0.00032777804320452533,True,12.43773176407587
1,805.2153625269203,57.84781048097631,117952.07411896327,6.1459914546184695,8.14599145461847,10.14599145461847,893.7898516448186,29.896318362715142,-5.630663537269761,Johnson V,5.0,2022-07-02T00:12:09,805.2153625269203,57.84781048097631,276.6654569555908,6.55587641674819,276.66545788285,6.55593089160,414958252,4477220079992821760,12.447,16.530,14.117,5.448264018250888e-05,True,14.264626620381911
1,807.9060444722832,750.0496920346592,141165.40974318364,6.614450530687431,8.614450530687431,10.614450530687431,5608.500228554563,74.88992074074163,-7.624691843930039,Johnson V,5.0,2022-07-02T00:12:09,807.9060444722832,750.0496920346592,276.66766027645235,6.314911712593082,276.66771993105,6.31485120413,414959195,4477211657545622656,11.996,12.409,12.580,8.471653380470705e-05,True,12.388342033977205
1,813.7737761771375,408.8261971455249,118955.3273283923,6.162855629997202,8.162855629997203,10.162855629997203,1517.0673439901875,38.9495487007255,-6.205087139007737,Johnson V,5.0,2022-07-02T00:12:09,813.7737761771375,408.8261971455249,276.6640889934982,6.433656116305978,276.66409586607,6.43376130962,414958732,4477216472220151040,12.660,15.324,13.743,0.00010541476419410469,True,13.724121680503112
1,813.780778395552,889.9523431294679,131946.4233796319,6.466631015053932,8.466631015053931,10.466631015053931,2346.4316633712006,48.439980010020655,-6.678594765402359,Johnson V,5.0,2022-07-02T00:12:09,813.780778395552,889.9523431294679,276.6662018573486,6.266192235681381,276.66604890734,6.26591299650,414959411,4476789071423423744,12.787,14.966,13.452,0.00031794581779500075,True,13.278573812410249
1,826.7505823734955,99.53767632975281,420557.63443537185,9.160340639639928,11.160340639639928,13.160340639639928,159488.54137858126,399.360164987172,-11.25939870458941,Johnson V,5.0,2022-07-02T00:12:09,826.7505823734955,99.53767632975281,276.6581036296403,6.541266564327801,276.65814421350,6.54130200238,414958308,4477219873834778368,8.785,9.208,9.000,5.367988937173549e-05,True,8.968257957950847
1,839.268027429551,484.79251044680166,139841.49031478586,6.555908327602814,8.555908327602815,10.555908327602815,6781.289699389599,82.34858650511009,-7.830855734175197,Johnson V,5.0,2022-07-02T00:12:09,839.268027429551,484.79251044680166,276.65549586255577,6.407096300647617,276.65550401004,6.40721766031,414958846,4477213375536849664,11.135,12.370,12.021,0.00012162944751583211,True,12.194351743945617
1,849.6085075702956,924.8348954578227,128986.4377733286,6.371648474751672,8.371648474751673,10.371648474751673,2973.7747489366593,54.53232755840025,-6.935845162739547,Johnson V,5.0,2022-07-02T00:12:09,849.6085075702956,924.8348954578227,276.6537953699036,6.253884081798524,276.65381320295,6.25384408877,414959451,4476788964048713344,11.793,14.505,12.948,4.374569793768666e-05,True,13.036513579986234
1,857.1277903897087,435.87958758986,130738.84959360496,6.385571545691578,8.385571545691578,10.385571545691578,4571.814364257953,67.6151932945396,-7.402796458704739,Johnson V,5.0,2022-07-02T00:12:09,857.1277903897087,435.87958758986,276.6490139409396,6.424041241000264,276.64902563815,6.42413936570,414958774,4477216506579892992,11.658,13.946,12.652,9.881077152657026e-05,True,12.5971349030162
1,862.2995668912416,707.8743182547321,132822.90868721376,6.4941688611059565,8.494168861105956,10.494168861105956,2247.043184789727,47.402987087205034,-6.631603536624842,Johnson V,5.0,2022-07-02T00:12:09,862.2995668912416,707.8743182547321,276.6484136040286,6.329339137536248,276.64840988453,6.32931499229,414959142,4477212486490384896,12.924,14.178,13.472,2.4426613477880058e-05,True,13.322790295173798
1,877.2049059600344,141.7076787520804,716928.6003113519,11.73928729686659,13.73928729686659,15.73928729686659,288792.20193685126,537.3938983063086,-11.904038644389427,Johnson V,5.0,2022-07-02T00:12:09,877.2049059600344,141.7076787520804,276.6406115960659,6.52635914059363,276.64065290673,6.52637824193,26026817,4477219495877258880,7.353,9.362,8.308,4.527013736632318e-05,True,8.361682826199873
1,877.232602582653,196.1827404515548,198169.39469027586,7.197691135876232,9.197691135876232,11.197691135876232,37346.702610914304,193.25294981167636,-9.683205647704428,Johnson V,5.0,2022-07-02T00:12:09,877.232602582653,196.1827404515548,276.6408585190698,6.507393888443941,276.64083817695,6.50736670818,26026908,4477219251052104832,10.221,10.616,10.364,3.387113419357401e-05,True,10.451379700983987
1,882.5191494832934,101.22191864483052,195320.191517933,7.067973593832862,9.067973593832862,11.067973593832862,39782.88698079882,199.45647891406992,-9.75181572913854,Johnson V,5.0,2022-07-02T00:12:09,882.5191494832934,101.22191864483052,276.63855618832616,6.540430350516071,276.63850122899,6.54042211443,26026751,4477219942553878912,10.268,10.645,10.564,5.521931628318659e-05,True,10.386820919227068
1,885.097945291819,912.2730366822135,138816.74348575767,6.543052413126102,8.543052413126102,10.543052413126102,6151.0472589080455,78.42861250148472,-7.724947648535344,Johnson V,5.0,2022-07-02T00:12:09,885.097945291819,912.2730366822135,276.6413058476613,6.258089410437628,276.64134935876,6.25790013468,26028026,4476835899451323776,11.723,13.150,12.361,0.00019415466139254006,True,12.294006151056069
1,895.9186104218362,982.2772539288668,142926.31004042603,6.7127910548179495,8.712791054817949,10.712791054817949,3512.3310363520577,59.2649224782422,-7.116563592442851,Johnson V,5.0,2022-07-02T00:12:09,895.9186104218362,982.2772539288668,276.6378106019338,6.23367366812232,276.63791300233,6.23357863717,26028128,4476788551731853824,11.754,14.400,12.895,0.00013925908458649737,True,12.866466242644528
1,898.4886554836078,369.7219956151532,167880.31102189387,6.799472622222385,8.799472622222385,10.799472622222385,24471.82221559086,156.43472189891494,-9.22424076140656,Johnson V,5.0,2022-07-02T00:12:09,898.4886554836078,369.7219956151532,276.6342118414738,6.446882742380911,276.63386278858,6.44680349786,26027176,4477216777151949568,11.092,,11.679,0.00035578307049152996,True,10.883243551153688
1,899.3080787626816,168.18867363521252,204691.64258827284,7.248391349267612,9.248391349267612,11.248391349267612,41359.15722953345,203.3695090949807,-9.794004190686795,Johnson V,5.0,2022-07-02T00:12:09,899.3080787626816,168.18867363521252,276.63298625955815,6.517040204705663,276.63295871935,6.51699709559,26026852,4477219461517514624,10.144,10.833,10.309,5.105965625018408e-05,True,10.34712360908221
1,899.9671462494762,545.1778460678865,179769.8437314513,7.033949399201756,9.033949399201756,11.033949399201756,26261.92758723593,162.05532261310003,-9.300891487924483,Johnson V,5.0,2022-07-02T00:12:09,899.9671462494762,545.1778460678865,276.63449004503696,6.385797378924835,276.63446415421,6.38582028178,26027455,4477212967526806912,10.508,11.041,10.738,3.444681860453711e-05,True,10.811118909681984
1,909.7069340181746,883.1671276175425,143853.92236966963,6.645863005696736,8.645863005696736,10.645863005696736,6953.509485565388,83.38770584184091,-7.858085117730896,Johnson V,5.0,2022-07-02T00:12:09,909.7069340181746,883.1671276175425,276.6325578140147,6.268104087977578,276.63264179447,6.26809314935,26027967,4476835968170800384,11.768,12.827,12.261,8.419203518702079e-05,True,12.16873020562933
1,916.2222633821078,559.9248345653235,169753.18583775853,6.88667836167315,8.88667836167315,10.88667836167315,22682.548500211386,150.6072657616869,-9.141804609575367,Johnson V,5.0,2022-07-02T00:12:09,916.2222633821078,559.9248345653235,276.6288581534482,6.38058881099185,276.62873095266,6.38072447788,26027479,4477212963219991040,10.274,11.687,10.979,0.00018543384597909538,True,10.96081199916757
1,922.3386734394842,652.3561590309661,131961.42872907166,6.382770136199479,8.382770136199479,10.382770136199479,5855.568181812952,76.52168438954381,-7.671497594749176,Johnson V,5.0,2022-07-02T00:12:09,922.3386734394842,652.3561590309661,276.6271258816908,6.348385117515293,276.62704447402,6.34842391793,26027621,4477212761368341248,11.786,13.178,12.400,8.973100226702465e-05,True,12.344300077038222
1,955.1177606455797,138.80753656603503,186086.02190449892,7.095615912195563,9.095615912195562,11.095615912195562,29614.203529901744,172.08777856054084,-9.431325131262993,Johnson V,5.0,2022-07-02T00:12:09,955.1177606455797,138.80753656603503,276.6132770487225,6.527017072428913,276.61329025615,6.52700474502,26026815,4477231281267550080,10.443,10.979,10.674,1.800408899669652e-05,True,10.688387134146387
1,955.1230809952356,698.9535468501853,131961.79962312186,6.492379866225083,8.492379866225082,10.492379866225082,1570.2566899691592,39.62646451513381,-6.242501620063493,Johnson V,5.0,2022-07-02T00:12:09,955.1230809952356,698.9535468501853,276.61584045863145,6.332011885396477,276.61583014710,6.33215286721,26027692,4476837209426569216,12.700,15.357,13.845,0.00014135383280230684,True,13.688916456044277
1,969.8818834796489,441.3072625698324,120719.47734730568,6.197634014729634,8.197634014729633,10.197634014729633,1812.455145740605,42.572939124995884,-6.398243158028379,Johnson V,5.0,2022-07-02T00:12:09,969.8818834796489,441.3072625698324,276.6095103476812,6.421634043698181,276.60945845480,6.42178662840,26027292,4477216575299408384,12.252,15.449,13.764,0.00016106295698520122,True,13.542371170718864
1,986.917808219178,959.1288916562889,141680.63862660486,6.706219274574807,8.706219274574806,10.706219274574806,2508.4254169785418,50.0841833015029,-6.751077970851023,Johnson V,5.0,2022-07-02T00:12:09,986.917808219178,959.1288916562889,276.605824242983,6.24129918674043,276.60582477231,6.24132269339,26028090,4476835525799357824,11.540,15.003,13.154,2.3512538134451247e-05,True,13.210370607519785
1,1004.153547109961,450.9427954732461,263667.02117789007,7.816208444261205,9.816208444261205,11.816208444261205,73183.11851122492,270.52378548147095,-10.413602268890763,Johnson V,5.0,2022-07-02T00:12:09,1004.153547109961,450.9427954732461,276.5975391465304,6.418121133908771,276.59744193838,6.41820046761,26027311,4477216261754871680,9.582,10.030,9.857,0.00012500073604066817,True,9.764111662854035
