id,xcenter,ycenter,aperture_sum,aper_radius,circular_annulus_inner,circular_annulus_outer,aperture_sum_bkgsub,fluxerr,inst. mag,filter,exptime,dateobs,xcentroid,ycentroid,ra,dec,RAJ2000,DEJ2000,TIC,GAIA,Tmag,Bmag,Vmag,distance,ref mag,mag
1,545.292241703911,34.31746967241295,255116.31555699307,9.047428934537091,11.047428934537091,13.047428934537091,1931.545522908389,43.9493517916748,-6.467337359431346,Johnson V,5.0,2022-07-02T00:12:09,545.292241703911,34.31746967241295,276.7564799213097,6.565209726545565,276.75653569187,6.56510699274,414958202,4477225027795066752,12.121,15.314,13.543,0.00011672159821207517,nan,-3.233328068727966
1,363.27030422023773,37.581322439673194,253662.2488285217,8.928835242429248,10.928835242429248,12.928835242429248,7052.22517728855,83.97752781124574,-7.873390416298421,Johnson V,5.0,2022-07-02T00:12:09,363.27030422023773,37.581322439673194,276.8203049797103,6.5648572124824565,276.82032962616,6.56481495395,319339544,4477225130874215936,11.995,12.857,12.456,4.883944351827183e-05,nan,-3.935458214617514
1,467.75629357225006,42.010152068040156,249567.39652486105,8.940690341564462,10.940690341564462,12.940690341564462,1919.7253247202898,43.81467019983478,-6.460672724340806,Johnson V,5.0,2022-07-02T00:12:09,467.75629357225006,42.010152068040156,276.78369813644923,6.562867590193059,276.78375824565,6.56276120324,319339537,4477224989128407424,11.968,15.036,13.402,0.00012200042026435772,-3.23,-3.2299999999999995
1,286.38038439250533,45.29326830210547,250080.88066090265,8.929498036277074,10.929498036277074,12.929498036277074,3193.561169644643,56.51160207996799,-7.013263086844553,Johnson V,5.0,2022-07-02T00:12:09,286.38038439250533,45.29326830210547,276.8472923477022,6.562500468389571,276.84715942580,6.56241284522,319339534,4477222279015897728,12.404,13.861,13.062,0.00015847801478592868,nan,-3.5059428955735297
1,626.2159040121016,52.95427510571733,259919.24526709592,9.024476620245533,11.024476620245533,13.024476620245533,7671.793520028412,87.58877508007754,-7.964817253268565,Johnson V,5.0,2022-07-02T00:12:09,626.2159040121016,52.95427510571733,276.7281960830732,6.5583698943383615,276.72815520978,6.55827376022,414958238,4477225676323175040,11.572,12.943,12.176,0.0001043580450390162,nan,-3.981113346951639
1,722.1033648559489,55.38970749945019,240368.4900686037,8.788342887815318,10.788342887815318,12.788342887815318,1601.8920752527774,40.02364395270347,-6.2641581213690225,Johnson V,5.0,2022-07-02T00:12:09,722.1033648559489,55.38970749945019,276.69458778114216,6.557100551030198,276.69462654532,6.55715125793,414958244,4477220045633053312,11.909,15.687,13.758,6.367304086427872e-05,nan,-3.131867979888721
1,805.3069046993961,57.98897348385403,253917.1113322871,9.037151856187084,11.037151856187084,13.037151856187084,917.9297401664662,30.29735533287462,-5.659598591330411,Johnson V,5.0,2022-07-02T00:12:09,805.3069046993961,57.98897348385403,276.66542552785666,6.555826865293593,276.66545788285,6.55593089160,414958252,4477220079992821760,12.447,16.530,14.117,0.00010887916278944567,nan,-2.8299736317687865
1,138.4445622675274,83.64912926769749,782820.3916709046,13.124486917890074,15.124486917890074,17.124486917890074,243243.60484182474,493.1973285023194,-11.717678566614559,Johnson V,5.0,2022-07-02T00:12:09,138.4445622675274,83.64912926769749,276.8993172086536,6.54977708416195,276.89922030390,6.54976467119,319710489,4477223447246934272,8.570,9.258,8.932,9.706921194882226e-05,nan,-5.855151491226282
1,219.2608707627644,90.75244931292538,269807.2771010919,9.104987860199916,11.104987860199916,13.104987860199916,12386.09467051053,111.2928329700998,-8.484910976971962,Johnson V,5.0,2022-07-02T00:12:09,219.2608707627644,90.75244931292538,276.87102610169313,6.5469652371956055,276.87095999963,6.54695633390,319339460,4477221999831170560,11.263,11.773,11.330,6.627177503075527e-05,nan,-4.2408286402804505
1,387.09792466477495,90.32893785122128,238683.11538973605,8.732555658450572,10.732555658450572,12.732555658450572,2471.862035125523,49.71782411897692,-6.735135557451323,Johnson V,5.0,2022-07-02T00:12:09,387.09792466477495,90.32893785122128,276.81219688421294,6.54639783530957,276.81212166603,6.54641930575,319339457,4477225092204778240,11.133,15.368,13.424,7.77509881118736e-05,nan,-3.3670564418689386
1,803.8726085479177,92.33788355567374,257776.5148097884,8.96174649775622,10.96174649775622,12.96174649775622,8973.042738041811,94.72614601070715,-8.134924329843413,Johnson V,5.0,2022-07-02T00:12:09,803.8726085479177,92.33788355567374,276.66609153983586,6.543875183189127,276.66614384173,6.54382712882,414958296,4477219903887130368,10.963,13.248,11.931,7.077558061790308e-05,nan,-4.0660584391080254
1,826.8037977405696,99.35688932930374,609313.6203603975,12.007757476319888,14.007757476319888,16.007757476319888,162133.88875685108,402.65852624382745,-11.277259487445123,Johnson V,5.0,2022-07-02T00:12:09,826.8037977405696,99.35688932930374,276.6580841130897,6.5413292653985655,276.65814421350,6.54130200238,414958308,4477219873834778368,8.785,9.208,9.000,6.563882486035328e-05,nan,-5.635222726234443
1,882.7900850553892,101.15898902621254,334219.6107727804,9.711018506469175,11.711018506469175,13.711018506469175,41080.821987116884,202.68404472754358,-9.786672801211223,Johnson V,5.0,2022-07-02T00:12:09,882.7900850553892,101.15898902621254,276.63846088266496,6.540451042728019,276.63850122899,6.54042211443,26026751,4477219942553878912,10.268,10.645,10.564,4.943230330018032e-05,nan,-4.890879657276293
1,770.839760209289,107.77336023744442,254392.27106166765,8.965579550019152,10.965579550019152,12.965579550019152,5185.366366663831,72.0094880322297,-7.539523605244257,Johnson V,5.0,2022-07-02T00:12:09,770.839760209289,107.77336023744442,276.67774698633497,6.538648770822284,276.67780111952,6.53865499923,414958322,4477219697728700544,10.809,14.245,12.364,5.4140518878166196e-05,nan,-3.7687376548148412
1,504.23761733544694,115.00799433510666,1067510.359360529,15.36110171616599,17.36110171616599,19.36110171616599,335814.0139852251,579.494619461842,-12.067822028890298,Johnson V,5.0,2022-07-02T00:12:09,504.23761733544694,115.00799433510666,276.771248992433,6.537302726669538,276.77122050966,6.53726886426,319339418,4477224649837896320,7.414,8.965,8.200,4.412953280163208e-05,-6.03,-6.03
1,453.17893030794164,116.66369529983793,250033.6300879383,8.831233184809959,10.831233184809959,12.831233184809959,8423.720594799583,91.78082912460304,-8.066334872569708,Johnson V,5.0,2022-07-02T00:12:09,453.17893030794164,116.66369529983793,276.78915501417947,6.536947816702997,276.78909570088,6.53737804611,319339422,4477224679890764160,11.336,13.026,11.999,0.0004342462567135706,nan,-4.031807437407295
1,133.58512544802866,126.97894265232975,250023.53766355358,8.90794286191156,10.90794286191156,12.90794286191156,3158.0844325797516,56.19683649975105,-7.001134331296073,Johnson V,5.0,2022-07-02T00:12:09,133.58512544802866,126.97894265232975,276.9012166933758,6.53472069602831,276.90125042775,6.53464609074,319710547,4477221213863917568,12.615,13.757,13.132,8.17876405310568e-05,nan,-3.4998862500855648
1,265.1548004161263,132.54357925638797,274199.8824987831,9.311421174373237,11.311421174373237,13.311421174373237,5550.273394611024,74.50015701064679,-7.613360929329984,Johnson V,5.0,2022-07-02T00:12:09,265.1548004161263,132.54357925638797,276.8551319024228,6.532228078430197,276.85459651944,6.53291439260,319339404,4477221901059328640,12.912,13.387,13.109,0.0008683041607614897,nan,-3.805609244317958
1,99.95038328413263,134.61049405113621,850393.8673391449,13.633552384549507,15.633552384549507,17.633552384549507,270157.22108555026,519.7665063137007,-11.831616440092622,Johnson V,5.0,2022-07-02T00:12:09,99.95038328413263,134.61049405113621,276.91303798980687,6.5322064526725985,276.91296388536,6.53215390183,319710560,4477222622613176320,8.184,8.674,8.440,9.045436199891405e-05,nan,-5.912047790648829
1,955.1578026567827,138.83468293098957,306468.86680681084,9.418330039866493,11.418330039866493,13.418330039866493,31718.896428027714,178.0979966985247,-9.505870161218747,Johnson V,5.0,2022-07-02T00:12:09,955.1578026567827,138.83468293098957,276.6132631362221,6.527007439565811,276.61329025615,6.52700474502,26026815,4477231281267550080,10.443,10.979,10.674,2.707854568242196e-05,nan,-4.750657353700215
1,877.2917699161702,141.64200201785877,959065.8252744975,14.681046379954353,16.681046379954353,18.681046379954353,291132.33435315406,539.5668024935875,-11.912801095777468,Johnson V,5.0,2022-07-02T00:12:09,877.2917699161702,141.64200201785877,276.6405808269252,6.52638161484171,276.64065290673,6.52637824193,26026817,4477219495877258880,7.353,9.362,8.308,7.1692087943882e-05,nan,-5.952588361903661
1,599.0212271009015,149.4015702239023,254426.1420763253,8.994676414791668,10.994676414791668,12.994676414791668,4299.3617842729145,65.56951871314075,-7.336084968725235,Johnson V,5.0,2022-07-02T00:12:09,599.0212271009015,149.4015702239023,276.738181152457,6.524917574414458,276.73809700613,6.52488631978,414958385,4477218946121345408,11.295,14.501,12.753,8.92525923933764e-05,nan,-3.6671480321181384
1,519.4335874799358,163.77612570752726,269302.7611866526,9.274817593512745,11.274817593512745,13.274817593512745,3013.613459005428,54.89638839673725,-6.950293856131537,Johnson V,5.0,2022-07-02T00:12:09,519.4335874799358,163.77612570752726,276.7661475449893,6.520262774860181,276.76611569993,6.52037503661,319339343,4477224546758666880,12.580,14.114,13.255,0.00011663503542424387,nan,-3.4744984241638974
1,899.5152402662271,168.14856815927715,308579.294401256,9.252538467579468,11.252538467579468,13.252538467579468,43094.133624668815,207.59126577163312,-9.838620374083945,Johnson V,5.0,2022-07-02T00:12:09,899.5152402662271,168.14856815927715,276.6329134300279,6.517053231939244,276.63295871935,6.51699709559,26026852,4477219461517514624,10.144,10.833,10.309,7.194435384957092e-05,nan,-4.916820326258588
1,390.9648836241737,170.06989998564708,1180580.397323723,16.3116447700497,18.3116447700497,20.3116447700497,353848.85410843487,594.8519598256653,-12.124619473009265,Johnson V,5.0,2022-07-02T00:12:09,390.9648836241737,170.06989998564708,276.81120771150637,6.518629821308515,276.81121617643,6.51860082670,319339331,4477221660540593536,8.164,8.243,8.180,3.018971272911169e-05,nan,-6.05836251273068
1,38.33471913020968,175.31421563551643,300938.16119266977,9.364437396729377,11.364437396729377,13.364437396729377,26574.822477154434,163.01785938097223,-9.313750919330815,Johnson V,5.0,2022-07-02T00:12:09,38.33471913020968,175.31421563551643,276.9348116462572,6.518302172091825,276.93463035303,6.51833001434,319710628,4477222416454704768,10.438,11.311,10.887,0.00018226043359964215,nan,-4.654720212014022
1,799.0251288017284,182.50589995014127,254912.34246005962,9.045164018422511,11.045164018422511,13.045164018422511,1825.8663204517798,42.73015703752772,-6.406247433635173,Johnson V,5.0,2022-07-02T00:12:09,799.0251288017284,182.50589995014127,276.6682157549523,6.512506903858988,276.66825563863,6.51253232749,414958431,4477219220999308032,12.376,15.221,13.545,4.708084141371776e-05,nan,-3.2028220516881674
1,565.0541653134135,183.6783208834037,264214.341280006,9.085783260140122,11.085783260140122,13.085783260140122,8691.017145272257,93.22562493902767,-8.100251505865243,Johnson V,5.0,2022-07-02T00:12:09,565.0541653134135,183.6783208834037,276.75024720423033,6.513136101304527,276.75017208223,6.51318796315,414958426,4477218739962890880,11.595,12.796,12.116,9.088649591136781e-05,nan,-4.04874413162916
1,877.3353388250638,196.1724798141136,321986.89986553986,9.561572614995962,11.561572614995962,13.561572614995962,38946.50504975009,197.3486889993194,-9.728746217627544,Johnson V,5.0,2022-07-02T00:12:09,877.3353388250638,196.1724798141136,276.64082244832235,6.5073969968185486,276.64083817695,6.50736670818,26026908,4477219251052104832,10.221,10.616,10.364,3.408245718714862e-05,nan,-4.861953294658715
1,75.78982287418589,211.27173494024794,252680.24405021023,8.84543649508321,10.84543649508321,12.84543649508321,8818.559124802297,93.90718356335844,-8.116069066709775,Johnson V,5.0,2022-07-02T00:12:09,75.78982287418589,211.27173494024794,276.9218476234697,6.505634853769736,276.92176324579,6.50571419012,319710694,4477220934679285248,10.948,13.462,11.986,0.00011542293218827451,nan,-4.056642828089544
1,722.8956623303395,210.9602803173708,249700.39871743481,8.905647895165503,10.905647895165503,12.905647895165503,3607.352916722797,60.06124305009676,-7.145546570550293,Johnson V,5.0,2022-07-02T00:12:09,722.8956623303395,210.9602803173708,276.69503933116744,6.502941829279332,276.69505654568,6.50288148639,414958465,4477218838735244928,12.320,13.744,12.929,6.272003481805822e-05,nan,-3.5720003044739035
1,668.5333552055993,216.75054680664917,222920.12293817702,8.466922018975998,10.466922018975998,12.466922018975998,1062.1638702721684,32.59085562350532,-5.818053800950096,Johnson V,5.0,2022-07-02T00:12:09,668.5333552055993,216.75054680664917,276.71412431117346,6.501168041548127,276.71393805538,6.50118200325,414958471,4477218808682388480,12.073,16.179,14.238,0.00018558400465796312,nan,-2.9091002187093435
1,370.3790799063653,227.5245484375479,253052.23573384978,8.794620384118799,10.794620384118799,12.794620384118799,13184.687581807957,114.82459484713176,-8.552749597690951,Johnson V,5.0,2022-07-02T00:12:09,370.3790799063653,227.5245484375479,276.81868421602604,6.498724006092485,276.81867992282,6.49868181268,319339235,4477221454382131584,9.623,13.480,11.598,4.2408484625673126e-05,nan,-4.274704702374793
1,143.39316266803885,241.295716215347,243786.50542157647,8.781512753822843,10.781512753822843,12.781512753822843,4009.1718852594495,63.31802180469198,-7.260211679561429,Johnson V,5.0,2022-07-02T00:12:09,143.39316266803885,241.295716215347,276.89829263101325,6.494903335827402,276.89814092391,6.49485621507,319710739,4477220801547011456,12.454,13.505,12.929,0.00015792699702077707,nan,-3.6292597580380668
1,323.22558140077695,240.9210301711428,435674.760969092,10.553191773651045,12.553191773651045,14.553191773651045,71451.00994935504,267.3032172446771,-10.387595918804998,Johnson V,5.0,2022-07-02T00:12:09,323.22558140077695,240.9210301711428,276.8352707542849,6.494265539907721,276.83528154109,6.49421524038,319339206,4477221381355884672,9.389,9.844,9.596,5.142868067008938e-05,nan,-5.19095811744809
1,25.365294726699265,257.5376300968956,301091.2062342846,9.31887039114319,11.31887039114319,13.31887039114319,29017.368674190016,170.34485220924645,-9.40922005816583,Johnson V,5.0,2022-07-02T00:12:09,25.365294726699265,257.5376300968956,276.9397207228795,6.4897498997567,276.93953327328,6.48982661618,319710766,4477173934862326144,10.480,11.153,10.664,0.00020142960452855548,nan,-4.702393918244949
1,636.7327200286603,265.2058146088117,1049952.490017879,15.273254606896614,17.273254606896614,19.273254606896614,326074.57234209834,571.0293970909889,-12.03586732255878,Johnson V,5.0,2022-07-02T00:12:09,636.7327200286603,265.2058146088117,276.72549521020017,6.48444303984563,276.72543092940,6.48441169918,414958533,4477218529497600640,8.048,8.476,8.264,7.11446358602626e-05,nan,-6.014043018498605
1,408.8986906320006,291.75368183465497,440581.4131323844,10.65781011190134,12.65781011190134,14.65781011190134,87856.74264209758,296.4063809065142,-10.612012732704839,Johnson V,5.0,2022-07-02T00:12:09,408.8986906320006,291.75368183465497,276.80547384213327,6.476204921383802,276.80548359224,6.47612811590,319339110,4477221248223688448,9.386,10.023,9.788,7.741406560694926e-05,nan,-5.303023454893218
1,622.0847691209575,318.4230728051392,285492.46294422704,9.184217166584922,11.184217166584922,13.184217166584922,24457.182681726175,156.38792370808616,-9.223591057925145,Johnson V,5.0,2022-07-02T00:12:09,622.0847691209575,318.4230728051392,276.7308726891228,6.465985113172678,276.73081211783,6.46597557538,414958614,4477215544507181568,10.615,11.517,10.983,6.0937042760471626e-05,nan,-4.609697759743837
1,478.11746319822544,321.6374269005848,240948.07906606226,8.774833120047935,10.774833120047935,12.774833120047935,2860.1156233848305,53.48004883491441,-6.893533964974699,Johnson V,5.0,2022-07-02T00:12:09,478.11746319822544,321.6374269005848,276.7813485654583,6.4655023807197995,276.78135741018,6.46544946891,319339057,4477215407068775936,12.690,14.265,13.364,5.363671122519957e-05,nan,-3.4461546639736356
1,109.1139306175847,332.75375558262283,262794.97900861886,9.058536284770069,11.058536284770069,13.058536284770069,7443.753120724432,86.27718771914411,-7.93205489141201,Johnson V,5.0,2022-07-02T00:12:09,109.1139306175847,332.75375558262283,276.9107081283944,6.46322778665555,276.91050503982,6.46335073233,319710905,4477173758758508160,10.920,13.794,12.175,0.00023630062031736957,nan,-3.964753052581749
1,563.7275775954334,350.19215126650016,261978.0911384069,9.13349233369158,11.13349233369158,13.13349233369158,3896.6597928296833,62.42323119504215,-7.229306214992447,Johnson V,5.0,2022-07-02T00:12:09,563.7275775954334,350.19215126650016,276.7514714680234,6.455186931615449,276.75116905486,6.45512275292,414958653,4477215471480887552,11.791,14.521,13.106,0.0003072730013735675,nan,-3.613826728508616
1,898.0723076228844,369.612209934693,318590.6808000001,9.712388530852845,11.712388530852845,13.712388530852845,26500.360996569507,162.78931474937016,-9.310704464355773,Johnson V,5.0,2022-07-02T00:12:09,898.0723076228844,369.612209934693,276.6343573033067,6.4469228631768125,276.63386278858,6.44680349786,26027176,4477216777151949568,11.092,,11.679,0.0005056776368523073,nan,-4.653198926692941
1,99.86702954898911,374.7733022291343,245917.39888908336,8.853801286585659,10.853801286585659,12.853801286585659,1950.87716456427,44.16873514788792,-6.478149802278036,Johnson V,5.0,2022-07-02T00:12:09,99.86702954898911,374.7733022291343,276.9141316888933,6.448647848425515,276.91401814520,6.44885167189,319710983,4477173316387008384,12.629,15.135,13.730,0.00023296683513572103,nan,-3.23872739703659
1,351.6923358331809,404.23376623376623,233840.72522713136,8.622046533183228,10.622046533183228,12.622046533183228,2899.899352965731,53.85071357898362,-6.9085323018296485,Johnson V,5.0,2022-07-02T00:12:09,351.6923358331809,404.23376623376623,276.8260230316268,6.437312252108023,276.82595850851,6.43739739404,319338906,4477214337605893888,12.392,14.002,13.011,0.00010658352876374024,nan,-3.4536442707083417
1,813.6000340541461,408.7931210624894,230873.6070849613,8.60926706891297,10.60926706891297,12.60926706891297,1600.3150460759935,40.003937882113476,-6.263088710336726,Johnson V,5.0,2022-07-02T00:12:09,813.6000340541461,408.7931210624894,276.6641497489285,6.433668419596203,276.66409586607,6.43376130962,414958732,4477216472220151040,12.660,15.324,13.743,0.00010721690286861804,nan,-3.1313339561401468
1,704.964117638541,416.0103824266207,249417.73757114058,8.939106251031427,10.939106251031427,12.939106251031427,2144.3584235451417,46.307217834211784,-6.580818434666462,Johnson V,5.0,2022-07-02T00:12:09,704.964117638541,416.0103824266207,276.70226329123176,6.431647705168681,276.70221843662,6.43165421806,414958739,4477215029111094912,12.656,14.788,13.544,4.5045623098043614e-05,nan,-3.2899962602456263
1,526.1177266870179,418.6428733520533,470326.28831254866,10.895030659895445,12.895030659895445,14.895030659895445,101960.50265099079,319.31254696768616,-10.77365490869357,Johnson V,5.0,2022-07-02T00:12:09,526.1177266870179,418.6428733520533,276.764959948292,6.431530758073524,276.76490935057,6.43153763127,319338881,4477214822952598528,9.264,9.763,9.434,5.0746890957255555e-05,nan,-5.383741493273473
1,271.73586011086576,430.2317251791428,249611.1470356076,8.926498087650042,10.926498087650042,12.926498087650042,2449.1079058410833,49.488462350744776,-6.7250947897411955,Johnson V,5.0,2022-07-02T00:12:09,271.73586011086576,430.2317251791428,276.8541547987049,6.428613708470682,276.85413412931,6.42862402157,319338868,4477214273196681600,10.374,15.271,13.814,2.2983214000509242e-05,nan,-3.3620424591726783
1,857.1430939077023,435.9101375941986,256654.18593677884,9.02220553674326,11.02220553674326,13.02220553674326,4901.0097702498315,70.00721227309249,-7.47828890987805,Johnson V,5.0,2022-07-02T00:12:09,857.1430939077023,435.9101375941986,276.64900871490903,6.424030536460517,276.64902563815,6.42413936570,414958774,4477216506579892992,11.658,13.946,12.652,0.00011012090703679067,nan,-3.7381593452830684
1,653.3840897022783,440.93958554903236,2143866.9242425547,22.136695768272144,24.136695768272144,26.136695768272144,619197.6439214027,786.8911258372424,-12.732148227073301,Johnson V,5.0,2022-07-02T00:12:09,653.3840897022783,440.93958554903236,276.72045462527376,6.423202809210472,276.72038740288,6.42332953053,414958777,4477214749926383104,7.710,7.820,7.786,0.00014325008763468565,nan,-6.3617395799329195
1,410.8218405082159,450.31420425642665,275745.6571623067,9.057860361938676,11.057860361938676,13.057860361938676,21020.210355245887,144.9834830428828,-9.059167633717035,Johnson V,5.0,2022-07-02T00:12:09,410.8218405082159,450.31420425642665,276.805505581517,6.421018172781682,276.80545250761,6.42106385432,319338837,4477214204477252224,10.550,11.353,10.845,6.977401275657603e-05,nan,-4.527590870346552
1,1004.258942139194,450.929279039093,406606.3056560141,10.323713708013319,12.323713708013319,14.323713708013319,75802.24984498584,275.32208383089403,-10.451780228858887,Johnson V,5.0,2022-07-02T00:12:09,1004.258942139194,450.929279039093,276.5975021340661,6.418125351530673,276.59744193838,6.41820046761,26027311,4477216261754871680,9.582,10.030,9.857,9.602430809422205e-05,nan,-5.22300935389458
1,564.186916977008,459.39470753676187,467154.66865802446,10.844186091317578,12.844186091317578,14.844186091317578,102057.27246602863,319.4640393941525,-10.774684882670432,Johnson V,5.0,2022-07-02T00:12:09,564.186916977008,459.39470753676187,276.7517991238025,6.417178884786578,276.75179677893,6.41723309977,414958808,4477214788592854784,9.197,9.649,9.421,5.4265036336953726e-05,nan,-5.384255823636118
1,465.4349040139616,468.80916230366495,250132.3649293392,8.936527066161322,10.936527066161322,12.936527066161322,2908.2321611005755,53.92802760254241,-6.9116476712611865,Johnson V,5.0,2022-07-02T00:12:09,465.4349040139616,468.80916230366495,276.78644879185566,6.414341196301054,276.78640979835,6.41439076871,319338798,4477214376275956096,12.847,13.918,13.293,6.292010833957815e-05,nan,-3.455199969323542
1,545.2259533243048,477.2469852564556,641433.9760889322,12.372967100441466,14.372967100441466,16.372967100441464,165781.9218496987,407.16326191062313,-11.301417914029372,Johnson V,5.0,2022-07-02T00:12:09,545.2259533243048,477.2469852564556,276.7585233915342,6.411050445103866,276.75852279584,6.41110333874,414958836,4477214032678596224,8.781,9.217,9.043,5.2896948596466435e-05,nan,-5.6472865381220645
1,839.3107125899412,484.74980824719677,239635.43768379363,8.667392344589095,10.667392344589095,12.667392344589095,7191.607840455632,84.80334804980068,-7.894639982215358,Johnson V,5.0,2022-07-02T00:12:09,839.3107125899412,484.74980824719677,276.6554807074159,6.407110969788003,276.65550401004,6.40721766031,414958846,4477213375536849664,11.135,12.370,12.021,0.0001091747114425264,nan,-3.9460694506192286
1,749.0602090799853,492.0348738063748,363095.7627295265,9.897884779387823,11.897884779387823,13.897884779387823,58769.16939402453,242.42353308625903,-10.175448870951016,Johnson V,5.0,2022-07-02T00:12:09,749.0602090799853,492.0348738063748,276.68714839871024,6.404986510901734,276.68714080250,6.40503936052,414958855,4477213444256326528,9.862,10.312,10.044,5.33860138156371e-05,nan,-5.085019840843045
1,486.0716939589927,510.9402779689005,230107.86414228787,8.5802751833713,10.5802751833713,12.5802751833713,1890.3923762039922,43.47864275945136,-6.443954882045304,Johnson V,5.0,2022-07-02T00:12:09,486.0716939589927,510.9402779689005,276.7794021673517,6.399588156982826,276.77940256766,6.39968538499,319338709,4477213757800654592,12.319,16.422,13.763,9.722882100886175e-05,nan,-3.2216517367587434
1,444.99940019084835,512.8079792793202,239666.6740422156,8.734500239385303,10.734500239385303,12.734500239385303,3513.7723159926245,59.27708086598584,-7.117009031238845,Johnson V,5.0,2022-07-02T00:12:09,444.99940019084835,512.8079792793202,276.79380315131215,6.3991203814454565,276.79382650518,6.39914771536,319338705,4477213787853710720,11.409,14.806,12.985,3.585764972158014e-05,nan,-3.557749727980921
1,610.9613225281984,525.8827354943603,232034.54858881427,8.598006038731608,10.598006038731608,12.598006038731608,2986.6748724519566,54.65047916031438,-6.940544859542652,Johnson V,5.0,2022-07-02T00:12:09,610.9613225281984,525.8827354943603,276.73570066148955,6.393829774811789,276.73568199435,6.39386033590,414958893,4477213895239645568,12.029,14.747,13.241,3.575081463653641e-05,nan,-3.469630141019247
1,76.68978014784538,526.9328628678173,243235.43861292722,8.794225147023665,10.794225147023665,12.794225147023665,2001.6538011216326,44.73984578786155,-6.506047403207063,Johnson V,5.0,2022-07-02T00:12:09,76.68978014784538,526.9328628678173,276.92290703477215,6.395810703443764,276.92283170360,6.39578738833,319711276,4477172143846921984,12.847,14.592,13.688,7.840893529271849e-05,nan,-3.2526584123098763
1,685.3408212205745,528.2582586991631,209725.72110319958,8.202234154860854,10.202234154860854,12.202234154860854,1386.530893147603,37.23615035348852,-6.107398865387249,Johnson V,5.0,2022-07-02T00:12:09,685.3408212205745,528.2582586991631,276.7096431847244,6.392667487509395,276.70961255798,6.39277295558,414958902,4477213173685169408,12.778,16.577,13.930,0.000109771958437387,nan,-3.0535882885680645
1,655.7708000792425,543.7828550418309,750449.2141113002,13.297319313737852,15.297319313737852,17.29731931373785,201787.28067774058,449.20739161075767,-11.514809458511252,Johnson V,5.0,2022-07-02T00:12:09,655.7708000792425,543.7828550418309,276.72007547080136,6.387397962771977,276.72010124340,6.38747426315,414958923,4477212417771533184,8.572,8.954,8.753,8.048449249245358e-05,nan,-5.753846269653463
1,900.0357924135334,545.1664752336516,291087.59302162554,9.228931750062115,11.228931750062115,13.228931750062115,27254.264699073217,165.08865708786058,-9.341161163063854,Johnson V,5.0,2022-07-02T00:12:09,900.0357924135334,545.1664752336516,276.63446593104794,6.385801020407721,276.63446415421,6.38582028178,26027455,4477212967526806912,10.508,11.041,10.738,1.9342144648270506e-05,nan,-4.668407859387748
1,539.4719144058082,548.1834161253344,232715.5203697324,8.608635342735463,10.608635342735463,12.608635342735463,2951.635288323334,54.32895441956649,-6.927731723956554,Johnson V,5.0,2022-07-02T00:12:09,539.4719144058082,548.1834161253344,276.760852137271,6.386389352828427,276.76090478887,6.38639830155,414958926,4477213856573188224,12.643,13.741,13.146,5.308456296046446e-05,nan,-3.463231741816293
1,286.0711086720044,552.5965935261316,226583.77423570945,8.491304391202885,10.491304391202885,12.491304391202885,2326.6973871265945,48.23585167825478,-6.669424744489777,Johnson V,5.0,2022-07-02T00:12:09,286.0711086720044,552.5965935261316,276.8496629165018,6.3859749837358795,276.84959839752,6.38612370804,319338654,4477166925475770880,12.689,14.145,13.233,0.00016195715198356005,nan,-3.3342429271399756
1,916.3345731191885,559.9148140321217,282736.7111424799,9.14594424611907,11.14594424611907,13.14594424611907,23601.85516837481,153.6289528974757,-9.184940341682962,Johnson V,5.0,2022-07-02T00:12:09,916.3345731191885,559.9148140321217,276.62881873987396,6.380591779844103,276.62873095266,6.38072447788,26027479,4477212963219991040,10.274,11.687,10.979,0.00015880863406611155,nan,-4.590397042106391
1,458.79317094388864,569.5769899956503,225362.04846478713,8.483998292299217,10.483998292299217,12.483998292299217,2260.8110681019607,47.5479870036783,-6.638235665800497,Johnson V,5.0,2022-07-02T00:12:09,458.79317094388864,569.5769899956503,276.78921703155504,6.379304395408789,276.78920481068,6.37940963214,319338613,4477213684774497024,11.911,15.175,13.428,0.00010593524232076042,nan,-3.3186682713591624
1,411.0145388064249,586.1394245418535,267350.7787501846,9.23436357550969,11.23436357550969,13.23436357550969,2843.8391008191393,53.327657934875965,-6.887337542086335,Johnson V,5.0,2022-07-02T00:12:09,411.0145388064249,586.1394245418535,276.8060303074728,6.373753251650609,276.80605684543,6.37362002482,319338580,4477166753677002880,12.905,13.964,13.376,0.00013581226889756304,nan,-3.443060402853579
1,87.96579729762394,609.1192139421333,259792.76961114185,9.108609038803174,11.108609038803174,13.108609038803174,1191.2643957528635,34.51469825672627,-5.942595393859866,Johnson V,5.0,2022-07-02T00:12:09,87.96579729762394,609.1192139421333,276.91930505191357,6.367171032654186,276.91921606194,6.36699223758,319711433,4477165963402884224,12.957,15.671,14.141,0.00019947305733998338,nan,-2.971291617797721
1,399.68647934678194,624.3591498559077,234811.0073371947,8.66185691260285,10.66185691260285,12.66185691260285,2372.1559769469022,48.7047839225974,-6.690433093913529,Johnson V,5.0,2022-07-02T00:12:09,399.68647934678194,624.3591498559077,276.81016399769055,6.360504406787758,276.81021481197,6.36038228488,319338513,4477166684957503488,12.741,14.143,13.353,0.00013215204040278406,nan,-3.3447337086746813
1,753.8029075186413,642.4191694283347,235668.8318951408,8.673500108217953,10.673500108217953,12.673500108217953,2804.304301739816,52.95568243106509,-6.8721378346110775,Johnson V,5.0,2022-07-02T00:12:09,753.8029075186413,642.4191694283347,276.6861521968778,6.352621970390477,276.68636992595,6.35266751896,414959056,4477212245972204800,12.217,14.760,13.326,0.000221133977043632,nan,-3.4354702391858862
1,922.4400178908022,652.3808078549141,238167.5854123669,8.65831571092905,10.65831571092905,12.65831571092905,6354.764427202579,79.71677632219318,-7.760323628602851,Johnson V,5.0,2022-07-02T00:12:09,922.4400178908022,652.3808078549141,276.6270904684134,6.348376066071551,276.62704447402,6.34842391793,26027621,4477212761368341248,11.786,13.178,12.400,6.617718206205011e-05,nan,-3.8789969027543316
1,727.6607425499651,653.199056224381,330982.06426238443,9.607112183086985,11.607112183086985,13.607112183086985,44915.37166999804,211.93246959821434,-9.883562483593181,Johnson V,5.0,2022-07-02T00:12:09,727.6607425499651,653.199056224381,276.69536124054105,6.348989753789282,276.69539522237,6.34899175283,414959071,4477212245972190976,10.005,10.705,10.346,3.383252002901145e-05,nan,-4.939262729660217
1,630.9199692562362,654.3517555204195,375103.4781428838,10.01651566978273,12.01651566978273,14.01651566978273,63980.01279589743,252.94270654813795,-10.267685795675652,Johnson V,5.0,2022-07-02T00:12:09,630.9199692562362,654.3517555204195,276.7292685366299,6.349029367236636,276.72931403714,6.34904136716,414959070,4477212005453986688,9.753,10.232,9.900,4.678650307957251e-05,nan,-5.131079500609806
1,173.0278273949422,655.6181254113002,261138.20902679456,8.921102825407644,10.921102825407644,12.921102825407644,13823.138383756013,117.57184349901134,-8.604091628595288,Johnson V,5.0,2022-07-02T00:12:09,173.0278273949422,655.6181254113002,276.8897039367904,6.350625761853532,276.88958694165,6.35051820151,319711513,4477166032122373504,10.191,13.136,11.483,0.0001583970341551976,nan,-4.300342986416116
1,240.33230883544988,662.6208457173736,240525.98612467456,8.754563696464432,10.754563696464432,12.754563696464432,2292.2104773566243,47.87703496830839,-6.653211222395818,Johnson V,5.0,2022-07-02T00:12:09,240.33230883544988,662.6208457173736,276.8661560527324,6.347895110715465,276.86612115164,6.34776661334,319338460,4477166062177120768,12.706,14.140,13.428,0.00013309684957911447,nan,-3.3261465024868544
1,606.6083331721377,670.7768922761476,222549.19535386452,8.41550626577201,10.41550626577201,12.41550626577201,2981.191659366392,54.60028992016793,-6.9385497329395776,Johnson V,5.0,2022-07-02T00:12:09,606.6083331721377,670.7768922761476,276.7378590984729,6.3434234525231865,276.73802567562,6.34336103922,414959095,4477212039813706624,11.900,14.542,13.074,0.0001769311630292279,nan,-3.468633849644577
1,410.3401102985668,679.6768148263403,225370.95578133815,8.446373565244613,10.446373565244613,12.446373565244613,4020.018529581692,63.40361606077126,-7.263145126396337,Johnson V,5.0,2022-07-02T00:12:09,410.3401102985668,679.6768148263403,276.80666785727516,6.341208771734272,276.80667334687,6.34111667442,319338416,4477166371414766464,10.659,14.638,13.099,9.225878455475426e-05,nan,-3.6307246113336755
1,318.32597717782903,693.333092147907,230317.27180844452,8.58184752244482,10.58184752244482,12.58184752244482,2295.9372368643817,47.91593927770155,-6.654975018535737,Johnson V,5.0,2022-07-02T00:12:09,318.32597717782903,693.333092147907,276.8389626524667,6.3368659419917694,276.83887074744,6.33677325465,319338396,4477165654165288576,12.661,14.714,13.548,0.00013013293142101598,nan,-3.327027276107019
1,955.1734693877551,698.8202511773941,259100.5038767988,9.121294306897891,11.121294306897891,13.121294306897891,1613.9730877978727,40.17428391145103,-6.272315711162375,Johnson V,5.0,2022-07-02T00:12:09,955.1734693877551,698.8202511773941,276.6158222097092,6.332058049628371,276.61583014710,6.33215286721,26027692,4476837209426569216,12.700,15.357,13.845,9.514520266310671e-05,nan,-3.135941574184285
1,862.3773118499923,707.9478328807828,259139.6005317812,9.108314902958428,11.108314902958428,13.108314902958428,2495.103319565038,49.9510091946603,-6.745296324166614,Johnson V,5.0,2022-07-02T00:12:09,862.3773118499923,707.9478328807828,276.6483866776564,6.329313188304085,276.64840988453,6.32931499229,414959142,4477212486490384896,12.924,14.178,13.472,2.3135859192924528e-05,nan,-3.37213034756639
1,111.17718087727945,719.7732544767538,271370.05038942344,9.299311068405338,11.299311068405338,13.299311068405338,2086.459428979142,45.677778284184775,-6.5510998499391215,Johnson V,5.0,2022-07-02T00:12:09,111.17718087727945,719.7732544767538,276.9116371735086,6.328576740739765,276.91152515418,6.32845703704,319711639,4477165757244411392,11.297,15.578,13.720,0.000163477331955077,nan,-3.275155913981075
1,517.9449383014494,725.3538079488391,232382.4733003227,8.610115021486768,10.610115021486768,12.610115021486768,3136.9944138117135,56.00887799100883,-6.993859352486314,Johnson V,5.0,2022-07-02T00:12:09,517.9449383014494,725.3538079488391,276.76916100971624,6.324832000662298,276.76916331003,6.32477025659,319338339,4477165031380699264,12.475,14.271,13.269,6.178638757123903e-05,nan,-3.4962533986024065
1,672.8003705786138,750.0801778777346,250808.2707382475,8.779207600652397,10.779207600652397,12.779207600652397,12194.383242752665,110.42818137935924,-8.467974588721447,Johnson V,5.0,2022-07-02T00:12:09,672.8003705786138,750.0801778777346,276.7150059485167,6.315523326575321,276.71507986073,6.31539873192,414959193,4477211520110982912,10.740,13.316,11.537,0.0001446400286561202,nan,-4.232371243388421
1,808.1352501352748,750.071843179694,251324.2446384301,8.901216231687592,10.901216231687592,12.901216231687592,5740.1016298350005,75.76345840730214,-7.649873943537207,Johnson V,5.0,2022-07-02T00:12:09,808.1352501352748,750.071843179694,276.6675800468611,6.314902941229325,276.66771993105,6.31485120413,414959195,4477211657545622656,11.996,12.409,12.580,0.00014834951535008947,nan,-3.8238424737590346
1,252.59120401542512,759.4403424741384,279208.40285192826,9.114278256025987,11.114278256025987,13.114278256025987,21306.349625368923,145.96694703037713,-9.073847612347643,Johnson V,5.0,2022-07-02T00:12:09,252.59120401542512,759.4403424741384,276.8622677445886,6.314156865302296,276.86217429493,6.31404552786,319338285,4477165379287325824,9.983,12.582,11.012,0.00014499392356743124,nan,-4.534921500927827
1,210.18745313085864,803.8370125609299,242983.99508538662,8.801848863313335,10.801848863313335,12.801848863313335,2167.6996024851396,46.55856100101398,-6.5925727340769384,Johnson V,5.0,2022-07-02T00:12:09,210.18745313085864,803.8370125609299,276.877305047171,6.298898786739974,276.87722065223,6.29895995847,319338206,4477165306258486144,12.235,14.780,13.347,0.00010382075488103628,nan,-3.2958659163866946
1,556.7778328030555,813.7684574002592,225141.83246834873,8.437269951660143,10.437269951660143,12.437269951660143,4872.643896063644,69.8043257689926,-7.471986672432788,Johnson V,5.0,2022-07-02T00:12:09,556.7778328030555,813.7684574002592,276.75593015708563,6.2938896787929774,276.75611564846,6.29379836050,414959294,4477164692092649728,11.681,13.888,12.650,0.00020574880329288423,nan,-3.735012244343128
1,594.5121607331688,854.231053930208,240245.26994807442,8.742980107578665,10.742980107578665,12.742980107578665,3709.711065210664,60.90739745885276,-7.175925202772237,Johnson V,5.0,2022-07-02T00:12:09,594.5121607331688,854.231053930208,276.74287992852163,6.279637323352151,276.74310533264,6.27961489987,414959344,4477164279775784832,11.840,14.364,13.001,0.00022517096888237178,nan,-3.5871702536943437
1,319.1192122186495,870.8177652733119,245508.56388735323,8.8628079630476,10.8628079630476,12.8628079630476,1948.1124290708976,44.13742662492794,-6.476610032113099,Johnson V,5.0,2022-07-02T00:12:09,319.1192122186495,870.8177652733119,276.83942509845275,6.275112340619482,276.83942364985,6.27509341812,319338077,4477163695660120064,12.935,14.585,13.653,1.8977206496683652e-05,nan,-3.2379584935835775
1,539.1444557080474,873.4470304702121,382711.5003833148,10.093440604186263,12.093440604186263,14.093440604186263,66909.20128280239,258.66812962327305,-10.316289603144813,Johnson V,5.0,2022-07-02T00:12:09,539.1444557080474,873.4470304702121,276.7623587030953,6.273203619621835,276.76239510119,6.27343631133,414959372,4477163489501773184,9.320,10.545,9.903,0.00023548765073618273,nan,-5.155350418597174
1,909.7309345786142,883.2105207404595,239783.38796154736,8.665667937305082,10.665667937305082,12.665667937305082,7087.91569193828,84.18976001829606,-7.87887134701498,Johnson V,5.0,2022-07-02T00:12:09,909.7309345786142,883.2105207404595,276.63254958898034,6.268088871608827,276.63264179447,6.26809314935,26027967,4476835968170800384,11.768,12.827,12.261,9.175404960280598e-05,nan,-3.938195185789998
1,639.2770309384447,889.5890203897858,236995.31131905733,8.602107410272293,10.602107410272293,12.602107410272293,7628.777714962547,87.3428744372576,-7.958712391003311,Johnson V,5.0,2022-07-02T00:12:09,639.2770309384447,889.5890203897858,276.72734452177036,6.267127821149973,276.72753862295,6.26719829341,414959403,4477164172391513216,11.140,13.156,12.102,0.00020540845713969746,nan,-3.9780648077716956
1,814.5002067824648,889.9178298180315,244988.42091702844,8.846869294350533,10.846869294350533,12.846869294350533,2685.1474821079173,51.818408718407376,-6.824995350102352,Johnson V,5.0,2022-07-02T00:12:09,814.5002067824648,889.9178298180315,276.6659496136514,6.266200887252087,276.66574545416,6.26625118705,1676556363,4476789071431414528,12.850,,14.246,0.0002090803798754196,nan,-3.4119290510606954
1,65.80048020705031,904.6658663215828,261025.20348821086,9.108788078467624,11.108788078467624,13.108788078467624,2306.1566086814564,48.022459419332705,-6.659796980269503,Johnson V,5.0,2022-07-02T00:12:09,65.80048020705031,904.6658663215828,276.9282849261812,6.264459821905681,276.92813338765,6.26459007745,319711987,4477161256118581504,12.111,15.142,13.515,0.00019914066244805439,nan,-3.32943518289195
1,885.2454437528872,912.3070381537575,253376.67839442004,8.930096863631823,10.930096863631823,12.930096863631823,6254.801671485067,79.08730411061606,-7.743108848036433,Johnson V,5.0,2022-07-02T00:12:09,885.2454437528872,912.3070381537575,276.641254305084,6.258076882395882,276.64134935876,6.25790013468,26028026,4476835899451323776,11.723,13.150,12.361,0.0002004185580067354,nan,-3.8704004871841486
1,850.0209203439479,924.8217707644335,247733.160006391,8.881299030051512,10.881299030051512,12.881299030051512,3127.074041473854,55.92024715140173,-6.9904204001525105,Johnson V,5.0,2022-07-02T00:12:09,850.0209203439479,924.8217707644335,276.6536507996607,6.253886713992686,276.65381320295,6.25384408877,414959451,4476788964048713344,11.793,14.505,12.948,0.00016696933365357926,nan,-3.4945361148256326
1,719.5969567026515,937.8460667144409,239307.21448693975,8.678393417748735,10.678393417748735,12.678393417748735,6247.220703970874,79.0393617381294,-7.741792111966237,Johnson V,5.0,2022-07-02T00:12:09,719.5969567026515,937.8460667144409,276.6994053307578,6.249963097519069,276.69941020967,6.24996061145,414959474,4476788830913227776,12.083,13.043,12.518,5.449972906179604e-06,nan,-3.8697429585905088
1,685.0374276759884,938.6996594744455,247557.32363828248,8.910154370347083,10.910154370347083,12.910154370347083,1674.1619126480655,40.91652371167503,-6.3120686328149835,Johnson V,5.0,2022-07-02T00:12:09,685.0374276759884,938.6996594744455,276.7115174683145,6.249826413556607,276.71161542609,6.24991042512,414959476,4476788757890283392,12.060,15.365,13.504,0.00012860771681939563,nan,-3.1557926918524
1,799.5321422844368,942.6818503391094,253562.7551382193,8.990140751081203,10.990140751081203,12.990140751081203,3094.0159876035177,55.62387965256934,-6.978881372870561,Johnson V,5.0,2022-07-02T00:12:09,799.5321422844368,942.6818503391094,276.6714176818658,6.247907455007225,276.67152280832,6.24785621803,414959483,4476788899632712064,12.467,13.780,13.054,0.00011638687396933085,nan,-3.4887739575092147
1,987.0913441312579,959.1471655448044,245662.29740083579,8.862597871391236,10.862597871391236,12.862597871391236,2460.210772477032,49.60051181668423,-6.730005778668891,Johnson V,5.0,2022-07-02T00:12:09,987.0913441312579,959.1471655448044,276.60576350689485,6.241292000905129,276.60582477231,6.24132269339,26028090,4476835525799357824,11.540,15.003,13.154,6.819909821825031e-05,nan,-3.3644948227982363
1,261.4342011743919,970.2028748688109,460071.5080128008,10.757244544661894,12.757244544661894,14.757244544661894,100536.99335801852,317.0756902665648,-10.758389722035947,Johnson V,5.0,2022-07-02T00:12:09,261.4342011743919,970.2028748688109,276.86003498175876,6.240795363072959,276.85993199159,6.24081847563,319337909,4477160431484906240,9.277,9.718,9.511,0.00010495627384495796,nan,-5.376118631758681
1,564.8120456905503,975.8006230529595,249609.9095687675,8.936042714338676,10.936042714338676,12.936042714338676,2410.7292859086883,49.09917805736353,-6.707946098640445,Johnson V,5.0,2022-07-02T00:12:09,564.8120456905503,975.8006230529595,276.7537914475138,6.237471084607749,276.75396495263,6.23754835107,414959529,4477163283343306880,12.955,14.260,13.554,0.0001889940680080935,nan,-3.35347904620218
1,803.9546337096418,976.1175547313716,262592.7701110877,9.099262709285927,11.099262709285927,13.099262709285927,6104.439194205246,78.13091061932688,-7.716689419465298,Johnson V,5.0,2022-07-02T00:12:09,803.9546337096418,976.1175547313716,276.6700085922623,6.23625039263949,276.67034926403,6.23632660641,414959538,4476788899632708224,11.200,13.923,12.379,0.0003471257507081311,nan,-3.857207615729993
1,42.275215598050245,979.6708848893888,256716.18929553055,9.001277962764075,11.001277962764075,13.001277962764075,3238.894670724869,56.911287726819786,-7.0285670514771805,Johnson V,5.0,2022-07-02T00:12:09,42.275215598050245,979.6708848893888,276.93682278385023,6.238474553241023,276.93655159987,6.23862860623,319712117,4477161084319849344,12.542,13.799,13.118,0.00031049097799828394,nan,-3.513585121354211
1,896.0540900866584,982.3579278163984,237844.34710152855,8.702247194976197,10.702247194976197,12.702247194976197,3525.9639458342863,59.379827768647885,-7.120769657107581,Johnson V,5.0,2022-07-02T00:12:09,896.0540900866584,982.3579278163984,276.6377634687986,6.233644949802981,276.63791300233,6.23357863717,26028128,4476788551731853824,11.754,14.400,12.895,0.00016276980944842506,nan,-3.5596276434528558
1,222.1178979226854,982.898243683221,255418.1799792041,9.049223319344355,11.049223319344355,13.049223319344355,529.6136132706015,23.013335552905005,-5.06247283852984,Johnson V,5.0,2022-07-02T00:12:09,222.1178979226854,982.898243683221,276.87385578303997,6.23655487993223,276.87373776439,6.23664931206,319337889,4477160362765410048,12.880,15.457,14.108,0.00015060362985362975,nan,-2.5317914331094746
